item_id,stage,timestamp,time_spent_minutes,previous_timestamp,time_between_stage,is_delayed
1,Receiving,2026-04-25 17:53:47.981137,11,,,False
1,Storage,2026-04-25 19:37:47.981137,104,2026-04-25 17:53:47.981137,104.0,True
1,Picking,2026-04-25 20:33:47.981137,56,2026-04-25 19:37:47.981137,56.0,False
1,Packing,2026-04-25 20:42:47.981137,9,2026-04-25 20:33:47.981137,9.0,False
1,Shipping,2026-04-25 21:23:47.981137,41,2026-04-25 20:42:47.981137,41.0,False
2,Receiving,2026-04-25 17:47:47.981137,5,,,False
2,Storage,2026-04-25 20:11:47.981137,144,2026-04-25 17:47:47.981137,144.0,True
2,Picking,2026-04-25 20:31:47.981137,20,2026-04-25 20:11:47.981137,20.0,False
2,Packing,2026-04-25 20:58:47.981137,27,2026-04-25 20:31:47.981137,27.0,False
2,Shipping,2026-04-25 21:18:47.981137,20,2026-04-25 20:58:47.981137,20.0,False
3,Receiving,2026-04-25 17:58:47.981137,16,,,False
3,Storage,2026-04-25 20:33:47.981137,155,2026-04-25 17:58:47.981137,155.0,True
3,Picking,2026-04-25 21:08:47.981137,35,2026-04-25 20:33:47.981137,35.0,False
3,Packing,2026-04-25 21:28:47.981137,20,2026-04-25 21:08:47.981137,20.0,False
3,Shipping,2026-04-25 22:00:47.981137,32,2026-04-25 21:28:47.981137,32.0,False
4,Receiving,2026-04-25 19:37:47.981137,115,,,True
4,Storage,2026-04-25 21:13:47.981137,96,2026-04-25 19:37:47.981137,96.0,True
4,Picking,2026-04-25 22:13:47.981137,60,2026-04-25 21:13:47.981137,60.0,False
4,Packing,2026-04-25 22:18:47.981137,5,2026-04-25 22:13:47.981137,5.0,False
4,Shipping,2026-04-25 22:39:47.981137,21,2026-04-25 22:18:47.981137,21.0,False
5,Receiving,2026-04-25 18:00:47.981137,18,,,False
5,Storage,2026-04-25 18:55:47.981137,55,2026-04-25 18:00:47.981137,55.0,False
5,Picking,2026-04-25 19:16:47.981137,21,2026-04-25 18:55:47.981137,21.0,False
5,Packing,2026-04-25 19:33:47.981137,17,2026-04-25 19:16:47.981137,17.0,False
5,Shipping,2026-04-25 20:07:47.981137,34,2026-04-25 19:33:47.981137,34.0,False
6,Receiving,2026-04-25 17:55:47.981137,13,,,False
6,Storage,2026-04-25 19:49:47.981137,114,2026-04-25 17:55:47.981137,114.0,True
6,Picking,2026-04-25 20:35:47.981137,46,2026-04-25 19:49:47.981137,46.0,False
6,Packing,2026-04-25 21:53:47.981137,78,2026-04-25 20:35:47.981137,78.0,False
6,Shipping,2026-04-25 22:27:47.981137,34,2026-04-25 21:53:47.981137,34.0,False
7,Receiving,2026-04-25 17:47:47.981137,5,,,False
7,Storage,2026-04-25 20:38:47.981137,171,2026-04-25 17:47:47.981137,171.0,True
7,Picking,2026-04-25 20:50:47.981137,12,2026-04-25 20:38:47.981137,12.0,False
7,Packing,2026-04-25 21:06:47.981137,16,2026-04-25 20:50:47.981137,16.0,False
7,Shipping,2026-04-25 21:24:47.981137,18,2026-04-25 21:06:47.981137,18.0,False
8,Receiving,2026-04-25 18:00:47.981137,18,,,False
8,Storage,2026-04-25 22:12:47.981137,252,2026-04-25 18:00:47.981137,252.0,True
8,Picking,2026-04-25 23:06:47.981137,54,2026-04-25 22:12:47.981137,54.0,False
8,Packing,2026-04-26 00:21:47.981137,75,2026-04-25 23:06:47.981137,75.0,False
8,Shipping,2026-04-26 01:05:47.981137,44,2026-04-26 00:21:47.981137,44.0,False
9,Receiving,2026-04-25 17:54:47.981137,12,,,False
9,Storage,2026-04-25 19:15:47.981137,81,2026-04-25 17:54:47.981137,81.0,False
9,Picking,2026-04-25 19:55:47.981137,40,2026-04-25 19:15:47.981137,40.0,False
9,Packing,2026-04-25 21:02:47.981137,67,2026-04-25 19:55:47.981137,67.0,False
9,Shipping,2026-04-25 23:36:47.981137,154,2026-04-25 21:02:47.981137,154.0,True
10,Receiving,2026-04-25 17:51:47.981137,9,,,False
10,Storage,2026-04-25 20:43:47.981137,172,2026-04-25 17:51:47.981137,172.0,True
10,Picking,2026-04-25 21:19:47.981137,36,2026-04-25 20:43:47.981137,36.0,False
10,Packing,2026-04-25 21:24:47.981137,5,2026-04-25 21:19:47.981137,5.0,False
10,Shipping,2026-04-25 22:06:47.981137,42,2026-04-25 21:24:47.981137,42.0,False
11,Receiving,2026-04-25 17:50:47.981137,8,,,False
11,Storage,2026-04-25 20:36:47.981137,166,2026-04-25 17:50:47.981137,166.0,True
11,Picking,2026-04-25 20:51:47.981137,15,2026-04-25 20:36:47.981137,15.0,False
11,Packing,2026-04-25 20:56:47.981137,5,2026-04-25 20:51:47.981137,5.0,False
11,Shipping,2026-04-25 21:17:47.981137,21,2026-04-25 20:56:47.981137,21.0,False
12,Receiving,2026-04-25 17:53:47.981137,11,,,False
12,Storage,2026-04-25 19:12:47.981137,79,2026-04-25 17:53:47.981137,79.0,False
12,Picking,2026-04-25 19:52:47.981137,40,2026-04-25 19:12:47.981137,40.0,False
12,Packing,2026-04-25 20:11:47.981137,19,2026-04-25 19:52:47.981137,19.0,False
12,Shipping,2026-04-25 20:37:47.981137,26,2026-04-25 20:11:47.981137,26.0,False
13,Receiving,2026-04-25 17:58:47.981137,16,,,False
13,Storage,2026-04-25 18:40:47.981137,42,2026-04-25 17:58:47.981137,42.0,False
13,Picking,2026-04-25 19:18:47.981137,38,2026-04-25 18:40:47.981137,38.0,False
13,Packing,2026-04-25 19:29:47.981137,11,2026-04-25 19:18:47.981137,11.0,False
13,Shipping,2026-04-25 19:52:47.981137,23,2026-04-25 19:29:47.981137,23.0,False
14,Receiving,2026-04-25 18:51:47.981137,69,,,False
14,Storage,2026-04-25 19:26:47.981137,35,2026-04-25 18:51:47.981137,35.0,False
14,Picking,2026-04-25 19:39:47.981137,13,2026-04-25 19:26:47.981137,13.0,False
14,Packing,2026-04-25 19:46:47.981137,7,2026-04-25 19:39:47.981137,7.0,False
14,Shipping,2026-04-25 20:20:47.981137,34,2026-04-25 19:46:47.981137,34.0,False
15,Receiving,2026-04-25 19:40:47.981137,118,,,True
15,Storage,2026-04-25 21:20:47.981137,100,2026-04-25 19:40:47.981137,100.0,True
15,Picking,2026-04-25 21:51:47.981137,31,2026-04-25 21:20:47.981137,31.0,False
15,Packing,2026-04-25 21:57:47.981137,6,2026-04-25 21:51:47.981137,6.0,False
15,Shipping,2026-04-25 22:20:47.981137,23,2026-04-25 21:57:47.981137,23.0,False
16,Receiving,2026-04-25 17:49:47.981137,7,,,False
16,Storage,2026-04-25 19:33:47.981137,104,2026-04-25 17:49:47.981137,104.0,True
16,Picking,2026-04-25 20:33:47.981137,60,2026-04-25 19:33:47.981137,60.0,False
16,Packing,2026-04-25 20:38:47.981137,5,2026-04-25 20:33:47.981137,5.0,False
16,Shipping,2026-04-25 21:23:47.981137,45,2026-04-25 20:38:47.981137,45.0,False
17,Receiving,2026-04-25 17:55:47.981137,13,,,False
17,Storage,2026-04-25 20:47:47.981137,172,2026-04-25 17:55:47.981137,172.0,True
17,Picking,2026-04-25 20:59:47.981137,12,2026-04-25 20:47:47.981137,12.0,False
17,Packing,2026-04-25 21:26:47.981137,27,2026-04-25 20:59:47.981137,27.0,False
17,Shipping,2026-04-25 21:41:47.981137,15,2026-04-25 21:26:47.981137,15.0,False
18,Receiving,2026-04-25 18:55:47.981137,73,,,False
18,Storage,2026-04-25 22:17:47.981137,202,2026-04-25 18:55:47.981137,202.0,True
18,Picking,2026-04-25 22:50:47.981137,33,2026-04-25 22:17:47.981137,33.0,False
18,Packing,2026-04-25 23:01:47.981137,11,2026-04-25 22:50:47.981137,11.0,False
18,Shipping,2026-04-25 23:11:47.981137,10,2026-04-25 23:01:47.981137,10.0,False
19,Receiving,2026-04-25 18:02:47.981137,20,,,False
19,Storage,2026-04-25 22:16:47.981137,254,2026-04-25 18:02:47.981137,254.0,True
19,Picking,2026-04-25 23:48:47.981137,92,2026-04-25 22:16:47.981137,92.0,True
19,Packing,2026-04-26 01:47:47.981137,119,2026-04-25 23:48:47.981137,119.0,True
19,Shipping,2026-04-26 04:00:47.981137,133,2026-04-26 01:47:47.981137,133.0,True
20,Receiving,2026-04-25 17:48:47.981137,6,,,False
20,Storage,2026-04-25 18:23:47.981137,35,2026-04-25 17:48:47.981137,35.0,False
20,Picking,2026-04-25 18:55:47.981137,32,2026-04-25 18:23:47.981137,32.0,False
20,Packing,2026-04-25 20:50:47.981137,115,2026-04-25 18:55:47.981137,115.0,True
20,Shipping,2026-04-25 21:21:47.981137,31,2026-04-25 20:50:47.981137,31.0,False
21,Receiving,2026-04-25 17:53:47.981137,11,,,False
21,Storage,2026-04-25 21:48:47.981137,235,2026-04-25 17:53:47.981137,235.0,True
21,Picking,2026-04-25 22:48:47.981137,60,2026-04-25 21:48:47.981137,60.0,False
21,Packing,2026-04-26 00:36:47.981137,108,2026-04-25 22:48:47.981137,108.0,True
21,Shipping,2026-04-26 00:57:47.981137,21,2026-04-26 00:36:47.981137,21.0,False
22,Receiving,2026-04-25 17:58:47.981137,16,,,False
22,Storage,2026-04-25 19:25:47.981137,87,2026-04-25 17:58:47.981137,87.0,False
22,Picking,2026-04-25 19:45:47.981137,20,2026-04-25 19:25:47.981137,20.0,False
22,Packing,2026-04-25 20:38:47.981137,53,2026-04-25 19:45:47.981137,53.0,False
22,Shipping,2026-04-25 20:56:47.981137,18,2026-04-25 20:38:47.981137,18.0,False
23,Receiving,2026-04-25 17:51:47.981137,9,,,False
23,Storage,2026-04-25 19:50:47.981137,119,2026-04-25 17:51:47.981137,119.0,True
23,Picking,2026-04-25 21:52:47.981137,122,2026-04-25 19:50:47.981137,122.0,True
23,Packing,2026-04-26 00:01:47.981137,129,2026-04-25 21:52:47.981137,129.0,True
23,Shipping,2026-04-26 00:29:47.981137,28,2026-04-26 00:01:47.981137,28.0,False
24,Receiving,2026-04-25 17:52:47.981137,10,,,False
24,Storage,2026-04-25 19:19:47.981137,87,2026-04-25 17:52:47.981137,87.0,False
24,Picking,2026-04-25 19:49:47.981137,30,2026-04-25 19:19:47.981137,30.0,False
24,Packing,2026-04-25 19:54:47.981137,5,2026-04-25 19:49:47.981137,5.0,False
24,Shipping,2026-04-25 20:39:47.981137,45,2026-04-25 19:54:47.981137,45.0,False
25,Receiving,2026-04-25 18:02:47.981137,20,,,False
25,Storage,2026-04-25 20:21:47.981137,139,2026-04-25 18:02:47.981137,139.0,True
25,Picking,2026-04-25 20:33:47.981137,12,2026-04-25 20:21:47.981137,12.0,False
25,Packing,2026-04-25 22:31:47.981137,118,2026-04-25 20:33:47.981137,118.0,True
25,Shipping,2026-04-25 23:06:47.981137,35,2026-04-25 22:31:47.981137,35.0,False
26,Receiving,2026-04-25 17:50:47.981137,8,,,False
26,Storage,2026-04-25 19:37:47.981137,107,2026-04-25 17:50:47.981137,107.0,True
26,Picking,2026-04-25 19:56:47.981137,19,2026-04-25 19:37:47.981137,19.0,False
26,Packing,2026-04-25 20:17:47.981137,21,2026-04-25 19:56:47.981137,21.0,False
26,Shipping,2026-04-25 20:51:47.981137,34,2026-04-25 20:17:47.981137,34.0,False
27,Receiving,2026-04-25 17:52:47.981137,10,,,False
27,Storage,2026-04-25 20:18:47.981137,146,2026-04-25 17:52:47.981137,146.0,True
27,Picking,2026-04-25 21:13:47.981137,55,2026-04-25 20:18:47.981137,55.0,False
27,Packing,2026-04-25 21:33:47.981137,20,2026-04-25 21:13:47.981137,20.0,False
27,Shipping,2026-04-25 22:14:47.981137,41,2026-04-25 21:33:47.981137,41.0,False
28,Receiving,2026-04-25 17:56:47.981137,14,,,False
28,Storage,2026-04-25 20:34:47.981137,158,2026-04-25 17:56:47.981137,158.0,True
28,Picking,2026-04-25 21:52:47.981137,78,2026-04-25 20:34:47.981137,78.0,False
28,Packing,2026-04-25 21:57:47.981137,5,2026-04-25 21:52:47.981137,5.0,False
28,Shipping,2026-04-25 22:30:47.981137,33,2026-04-25 21:57:47.981137,33.0,False
29,Receiving,2026-04-25 17:54:47.981137,12,,,False
29,Storage,2026-04-25 20:20:47.981137,146,2026-04-25 17:54:47.981137,146.0,True
29,Picking,2026-04-25 20:30:47.981137,10,2026-04-25 20:20:47.981137,10.0,False
29,Packing,2026-04-25 20:58:47.981137,28,2026-04-25 20:30:47.981137,28.0,False
29,Shipping,2026-04-25 22:15:47.981137,77,2026-04-25 20:58:47.981137,77.0,False
30,Receiving,2026-04-25 17:58:47.981137,16,,,False
30,Storage,2026-04-25 18:34:47.981137,36,2026-04-25 17:58:47.981137,36.0,False
30,Picking,2026-04-25 19:04:47.981137,30,2026-04-25 18:34:47.981137,30.0,False
30,Packing,2026-04-25 19:10:47.981137,6,2026-04-25 19:04:47.981137,6.0,False
30,Shipping,2026-04-25 19:44:47.981137,34,2026-04-25 19:10:47.981137,34.0,False
31,Receiving,2026-04-25 19:15:47.981137,93,,,True
31,Storage,2026-04-25 20:43:47.981137,88,2026-04-25 19:15:47.981137,88.0,False
31,Picking,2026-04-25 21:08:47.981137,25,2026-04-25 20:43:47.981137,25.0,False
31,Packing,2026-04-25 21:17:47.981137,9,2026-04-25 21:08:47.981137,9.0,False
31,Shipping,2026-04-25 21:46:47.981137,29,2026-04-25 21:17:47.981137,29.0,False
32,Receiving,2026-04-25 18:01:47.981137,19,,,False
32,Storage,2026-04-25 18:53:47.981137,52,2026-04-25 18:01:47.981137,52.0,False
32,Picking,2026-04-25 19:08:47.981137,15,2026-04-25 18:53:47.981137,15.0,False
32,Packing,2026-04-25 21:13:47.981137,125,2026-04-25 19:08:47.981137,125.0,True
32,Shipping,2026-04-25 21:41:47.981137,28,2026-04-25 21:13:47.981137,28.0,False
33,Receiving,2026-04-25 18:25:47.981137,43,,,False
33,Storage,2026-04-25 21:11:47.981137,166,2026-04-25 18:25:47.981137,166.0,True
33,Picking,2026-04-25 22:06:47.981137,55,2026-04-25 21:11:47.981137,55.0,False
33,Packing,2026-04-25 22:25:47.981137,19,2026-04-25 22:06:47.981137,19.0,False
33,Shipping,2026-04-25 23:09:47.981137,44,2026-04-25 22:25:47.981137,44.0,False
34,Receiving,2026-04-25 18:44:47.981137,62,,,False
34,Storage,2026-04-25 20:53:47.981137,129,2026-04-25 18:44:47.981137,129.0,True
34,Picking,2026-04-25 21:07:47.981137,14,2026-04-25 20:53:47.981137,14.0,False
34,Packing,2026-04-25 21:16:47.981137,9,2026-04-25 21:07:47.981137,9.0,False
34,Shipping,2026-04-25 21:56:47.981137,40,2026-04-25 21:16:47.981137,40.0,False
35,Receiving,2026-04-25 18:00:47.981137,18,,,False
35,Storage,2026-04-25 19:56:47.981137,116,2026-04-25 18:00:47.981137,116.0,True
35,Picking,2026-04-25 20:12:47.981137,16,2026-04-25 19:56:47.981137,16.0,False
35,Packing,2026-04-25 20:17:47.981137,5,2026-04-25 20:12:47.981137,5.0,False
35,Shipping,2026-04-25 20:31:47.981137,14,2026-04-25 20:17:47.981137,14.0,False
36,Receiving,2026-04-25 17:52:47.981137,10,,,False
36,Storage,2026-04-25 20:09:47.981137,137,2026-04-25 17:52:47.981137,137.0,True
36,Picking,2026-04-25 21:00:47.981137,51,2026-04-25 20:09:47.981137,51.0,False
36,Packing,2026-04-25 21:22:47.981137,22,2026-04-25 21:00:47.981137,22.0,False
36,Shipping,2026-04-25 21:40:47.981137,18,2026-04-25 21:22:47.981137,18.0,False
37,Receiving,2026-04-25 17:47:47.981137,5,,,False
37,Storage,2026-04-25 18:52:47.981137,65,2026-04-25 17:47:47.981137,65.0,False
37,Picking,2026-04-25 19:30:47.981137,38,2026-04-25 18:52:47.981137,38.0,False
37,Packing,2026-04-25 19:40:47.981137,10,2026-04-25 19:30:47.981137,10.0,False
37,Shipping,2026-04-25 19:52:47.981137,12,2026-04-25 19:40:47.981137,12.0,False
38,Receiving,2026-04-25 20:02:47.981137,140,,,True
38,Storage,2026-04-25 22:13:47.981137,131,2026-04-25 20:02:47.981137,131.0,True
38,Picking,2026-04-25 23:11:47.981137,58,2026-04-25 22:13:47.981137,58.0,False
38,Packing,2026-04-25 23:41:47.981137,30,2026-04-25 23:11:47.981137,30.0,False
38,Shipping,2026-04-26 00:02:47.981137,21,2026-04-25 23:41:47.981137,21.0,False
39,Receiving,2026-04-25 17:55:47.981137,13,,,False
39,Storage,2026-04-25 19:28:47.981137,93,2026-04-25 17:55:47.981137,93.0,True
39,Picking,2026-04-25 19:42:47.981137,14,2026-04-25 19:28:47.981137,14.0,False
39,Packing,2026-04-25 20:09:47.981137,27,2026-04-25 19:42:47.981137,27.0,False
39,Shipping,2026-04-25 20:20:47.981137,11,2026-04-25 20:09:47.981137,11.0,False
40,Receiving,2026-04-25 17:51:47.981137,9,,,False
40,Storage,2026-04-25 19:05:47.981137,74,2026-04-25 17:51:47.981137,74.0,False
40,Picking,2026-04-25 19:42:47.981137,37,2026-04-25 19:05:47.981137,37.0,False
40,Packing,2026-04-25 19:55:47.981137,13,2026-04-25 19:42:47.981137,13.0,False
40,Shipping,2026-04-25 20:38:47.981137,43,2026-04-25 19:55:47.981137,43.0,False
41,Receiving,2026-04-25 17:55:47.981137,13,,,False
41,Storage,2026-04-25 20:15:47.981137,140,2026-04-25 17:55:47.981137,140.0,True
41,Picking,2026-04-25 20:25:47.981137,10,2026-04-25 20:15:47.981137,10.0,False
41,Packing,2026-04-25 20:38:47.981137,13,2026-04-25 20:25:47.981137,13.0,False
41,Shipping,2026-04-25 21:21:47.981137,43,2026-04-25 20:38:47.981137,43.0,False
42,Receiving,2026-04-25 19:34:47.981137,112,,,True
42,Storage,2026-04-25 21:09:47.981137,95,2026-04-25 19:34:47.981137,95.0,True
42,Picking,2026-04-25 22:42:47.981137,93,2026-04-25 21:09:47.981137,93.0,True
42,Packing,2026-04-25 23:11:47.981137,29,2026-04-25 22:42:47.981137,29.0,False
42,Shipping,2026-04-25 23:34:47.981137,23,2026-04-25 23:11:47.981137,23.0,False
43,Receiving,2026-04-25 17:53:47.981137,11,,,False
43,Storage,2026-04-25 19:45:47.981137,112,2026-04-25 17:53:47.981137,112.0,True
43,Picking,2026-04-25 20:20:47.981137,35,2026-04-25 19:45:47.981137,35.0,False
43,Packing,2026-04-25 20:34:47.981137,14,2026-04-25 20:20:47.981137,14.0,False
43,Shipping,2026-04-25 21:49:47.981137,75,2026-04-25 20:34:47.981137,75.0,False
44,Receiving,2026-04-25 17:59:47.981137,17,,,False
44,Storage,2026-04-25 20:34:47.981137,155,2026-04-25 17:59:47.981137,155.0,True
44,Picking,2026-04-25 21:05:47.981137,31,2026-04-25 20:34:47.981137,31.0,False
44,Packing,2026-04-25 21:28:47.981137,23,2026-04-25 21:05:47.981137,23.0,False
44,Shipping,2026-04-25 22:03:47.981137,35,2026-04-25 21:28:47.981137,35.0,False
45,Receiving,2026-04-25 17:51:47.981137,9,,,False
45,Storage,2026-04-25 19:53:47.981137,122,2026-04-25 17:51:47.981137,122.0,True
45,Picking,2026-04-25 20:27:47.981137,34,2026-04-25 19:53:47.981137,34.0,False
45,Packing,2026-04-25 22:08:47.981137,101,2026-04-25 20:27:47.981137,101.0,True
45,Shipping,2026-04-25 22:40:47.981137,32,2026-04-25 22:08:47.981137,32.0,False
46,Receiving,2026-04-25 18:01:47.981137,19,,,False
46,Storage,2026-04-25 20:50:47.981137,169,2026-04-25 18:01:47.981137,169.0,True
46,Picking,2026-04-25 21:40:47.981137,50,2026-04-25 20:50:47.981137,50.0,False
46,Packing,2026-04-25 21:45:47.981137,5,2026-04-25 21:40:47.981137,5.0,False
46,Shipping,2026-04-25 22:28:47.981137,43,2026-04-25 21:45:47.981137,43.0,False
47,Receiving,2026-04-25 17:58:47.981137,16,,,False
47,Storage,2026-04-25 20:20:47.981137,142,2026-04-25 17:58:47.981137,142.0,True
47,Picking,2026-04-25 20:57:47.981137,37,2026-04-25 20:20:47.981137,37.0,False
47,Packing,2026-04-25 21:21:47.981137,24,2026-04-25 20:57:47.981137,24.0,False
47,Shipping,2026-04-25 22:01:47.981137,40,2026-04-25 21:21:47.981137,40.0,False
48,Receiving,2026-04-25 17:56:47.981137,14,,,False
48,Storage,2026-04-25 20:28:47.981137,152,2026-04-25 17:56:47.981137,152.0,True
48,Picking,2026-04-25 20:41:47.981137,13,2026-04-25 20:28:47.981137,13.0,False
48,Packing,2026-04-25 20:48:47.981137,7,2026-04-25 20:41:47.981137,7.0,False
48,Shipping,2026-04-25 21:32:47.981137,44,2026-04-25 20:48:47.981137,44.0,False
49,Receiving,2026-04-25 17:49:47.981137,7,,,False
49,Storage,2026-04-25 20:26:47.981137,157,2026-04-25 17:49:47.981137,157.0,True
49,Picking,2026-04-25 21:16:47.981137,50,2026-04-25 20:26:47.981137,50.0,False
49,Packing,2026-04-25 21:30:47.981137,14,2026-04-25 21:16:47.981137,14.0,False
49,Shipping,2026-04-25 21:42:47.981137,12,2026-04-25 21:30:47.981137,12.0,False
50,Receiving,2026-04-25 17:56:47.981137,14,,,False
50,Storage,2026-04-25 20:47:47.981137,171,2026-04-25 17:56:47.981137,171.0,True
50,Picking,2026-04-25 21:44:47.981137,57,2026-04-25 20:47:47.981137,57.0,False
50,Packing,2026-04-25 23:59:47.981137,135,2026-04-25 21:44:47.981137,135.0,True
50,Shipping,2026-04-26 02:07:47.981137,128,2026-04-25 23:59:47.981137,128.0,True
51,Receiving,2026-04-25 18:01:47.981137,19,,,False
51,Storage,2026-04-25 19:09:47.981137,68,2026-04-25 18:01:47.981137,68.0,False
51,Picking,2026-04-25 19:37:47.981137,28,2026-04-25 19:09:47.981137,28.0,False
51,Packing,2026-04-25 19:52:47.981137,15,2026-04-25 19:37:47.981137,15.0,False
51,Shipping,2026-04-25 20:18:47.981137,26,2026-04-25 19:52:47.981137,26.0,False
52,Receiving,2026-04-25 18:02:47.981137,20,,,False
52,Storage,2026-04-25 20:42:47.981137,160,2026-04-25 18:02:47.981137,160.0,True
52,Picking,2026-04-25 21:36:47.981137,54,2026-04-25 20:42:47.981137,54.0,False
52,Packing,2026-04-25 21:49:47.981137,13,2026-04-25 21:36:47.981137,13.0,False
52,Shipping,2026-04-25 22:31:47.981137,42,2026-04-25 21:49:47.981137,42.0,False
53,Receiving,2026-04-25 18:02:47.981137,20,,,False
53,Storage,2026-04-25 20:24:47.981137,142,2026-04-25 18:02:47.981137,142.0,True
53,Picking,2026-04-25 20:53:47.981137,29,2026-04-25 20:24:47.981137,29.0,False
53,Packing,2026-04-25 21:08:47.981137,15,2026-04-25 20:53:47.981137,15.0,False
53,Shipping,2026-04-25 21:45:47.981137,37,2026-04-25 21:08:47.981137,37.0,False
54,Receiving,2026-04-25 17:56:47.981137,14,,,False
54,Storage,2026-04-25 19:49:47.981137,113,2026-04-25 17:56:47.981137,113.0,True
54,Picking,2026-04-25 20:00:47.981137,11,2026-04-25 19:49:47.981137,11.0,False
54,Packing,2026-04-25 20:25:47.981137,25,2026-04-25 20:00:47.981137,25.0,False
54,Shipping,2026-04-25 20:57:47.981137,32,2026-04-25 20:25:47.981137,32.0,False
55,Receiving,2026-04-25 19:40:47.981137,118,,,True
55,Storage,2026-04-25 22:33:47.981137,173,2026-04-25 19:40:47.981137,173.0,True
55,Picking,2026-04-25 23:02:47.981137,29,2026-04-25 22:33:47.981137,29.0,False
55,Packing,2026-04-25 23:20:47.981137,18,2026-04-25 23:02:47.981137,18.0,False
55,Shipping,2026-04-26 00:33:47.981137,73,2026-04-25 23:20:47.981137,73.0,False
56,Receiving,2026-04-25 19:32:47.981137,110,,,True
56,Storage,2026-04-25 21:24:47.981137,112,2026-04-25 19:32:47.981137,112.0,True
56,Picking,2026-04-25 22:02:47.981137,38,2026-04-25 21:24:47.981137,38.0,False
56,Packing,2026-04-25 22:27:47.981137,25,2026-04-25 22:02:47.981137,25.0,False
56,Shipping,2026-04-25 23:05:47.981137,38,2026-04-25 22:27:47.981137,38.0,False
57,Receiving,2026-04-25 18:01:47.981137,19,,,False
57,Storage,2026-04-25 18:42:47.981137,41,2026-04-25 18:01:47.981137,41.0,False
57,Picking,2026-04-25 19:31:47.981137,49,2026-04-25 18:42:47.981137,49.0,False
57,Packing,2026-04-25 20:56:47.981137,85,2026-04-25 19:31:47.981137,85.0,False
57,Shipping,2026-04-25 21:18:47.981137,22,2026-04-25 20:56:47.981137,22.0,False
58,Receiving,2026-04-25 17:57:47.981137,15,,,False
58,Storage,2026-04-25 19:11:47.981137,74,2026-04-25 17:57:47.981137,74.0,False
58,Picking,2026-04-25 19:32:47.981137,21,2026-04-25 19:11:47.981137,21.0,False
58,Packing,2026-04-25 21:21:47.981137,109,2026-04-25 19:32:47.981137,109.0,True
58,Shipping,2026-04-25 21:47:47.981137,26,2026-04-25 21:21:47.981137,26.0,False
59,Receiving,2026-04-25 18:02:47.981137,20,,,False
59,Storage,2026-04-25 20:10:47.981137,128,2026-04-25 18:02:47.981137,128.0,True
59,Picking,2026-04-25 20:25:47.981137,15,2026-04-25 20:10:47.981137,15.0,False
59,Packing,2026-04-25 22:08:47.981137,103,2026-04-25 20:25:47.981137,103.0,True
59,Shipping,2026-04-25 22:41:47.981137,33,2026-04-25 22:08:47.981137,33.0,False
60,Receiving,2026-04-25 18:51:47.981137,69,,,False
60,Storage,2026-04-25 20:23:47.981137,92,2026-04-25 18:51:47.981137,92.0,True
60,Picking,2026-04-25 20:36:47.981137,13,2026-04-25 20:23:47.981137,13.0,False
60,Packing,2026-04-25 21:00:47.981137,24,2026-04-25 20:36:47.981137,24.0,False
60,Shipping,2026-04-25 21:14:47.981137,14,2026-04-25 21:00:47.981137,14.0,False
61,Receiving,2026-04-25 19:15:47.981137,93,,,True
61,Storage,2026-04-25 20:34:47.981137,79,2026-04-25 19:15:47.981137,79.0,False
61,Picking,2026-04-25 21:11:47.981137,37,2026-04-25 20:34:47.981137,37.0,False
61,Packing,2026-04-25 21:22:47.981137,11,2026-04-25 21:11:47.981137,11.0,False
61,Shipping,2026-04-25 21:54:47.981137,32,2026-04-25 21:22:47.981137,32.0,False
62,Receiving,2026-04-25 17:52:47.981137,10,,,False
62,Storage,2026-04-25 18:46:47.981137,54,2026-04-25 17:52:47.981137,54.0,False
62,Picking,2026-04-25 19:24:47.981137,38,2026-04-25 18:46:47.981137,38.0,False
62,Packing,2026-04-25 19:30:47.981137,6,2026-04-25 19:24:47.981137,6.0,False
62,Shipping,2026-04-25 21:36:47.981137,126,2026-04-25 19:30:47.981137,126.0,True
63,Receiving,2026-04-25 17:56:47.981137,14,,,False
63,Storage,2026-04-25 20:09:47.981137,133,2026-04-25 17:56:47.981137,133.0,True
63,Picking,2026-04-25 21:50:47.981137,101,2026-04-25 20:09:47.981137,101.0,True
63,Packing,2026-04-25 22:12:47.981137,22,2026-04-25 21:50:47.981137,22.0,False
63,Shipping,2026-04-26 00:22:47.981137,130,2026-04-25 22:12:47.981137,130.0,True
64,Receiving,2026-04-25 17:52:47.981137,10,,,False
64,Storage,2026-04-25 19:54:47.981137,122,2026-04-25 17:52:47.981137,122.0,True
64,Picking,2026-04-25 20:25:47.981137,31,2026-04-25 19:54:47.981137,31.0,False
64,Packing,2026-04-25 20:40:47.981137,15,2026-04-25 20:25:47.981137,15.0,False
64,Shipping,2026-04-25 20:56:47.981137,16,2026-04-25 20:40:47.981137,16.0,False
65,Receiving,2026-04-25 17:51:47.981137,9,,,False
65,Storage,2026-04-25 18:45:47.981137,54,2026-04-25 17:51:47.981137,54.0,False
65,Picking,2026-04-25 19:12:47.981137,27,2026-04-25 18:45:47.981137,27.0,False
65,Packing,2026-04-25 19:26:47.981137,14,2026-04-25 19:12:47.981137,14.0,False
65,Shipping,2026-04-25 19:58:47.981137,32,2026-04-25 19:26:47.981137,32.0,False
66,Receiving,2026-04-25 17:50:47.981137,8,,,False
66,Storage,2026-04-25 18:48:47.981137,58,2026-04-25 17:50:47.981137,58.0,False
66,Picking,2026-04-25 19:07:47.981137,19,2026-04-25 18:48:47.981137,19.0,False
66,Packing,2026-04-25 19:18:47.981137,11,2026-04-25 19:07:47.981137,11.0,False
66,Shipping,2026-04-25 19:55:47.981137,37,2026-04-25 19:18:47.981137,37.0,False
67,Receiving,2026-04-25 17:47:47.981137,5,,,False
67,Storage,2026-04-25 20:03:47.981137,136,2026-04-25 17:47:47.981137,136.0,True
67,Picking,2026-04-25 21:14:47.981137,71,2026-04-25 20:03:47.981137,71.0,False
67,Packing,2026-04-25 21:39:47.981137,25,2026-04-25 21:14:47.981137,25.0,False
67,Shipping,2026-04-25 22:23:47.981137,44,2026-04-25 21:39:47.981137,44.0,False
68,Receiving,2026-04-25 17:49:47.981137,7,,,False
68,Storage,2026-04-25 20:37:47.981137,168,2026-04-25 17:49:47.981137,168.0,True
68,Picking,2026-04-25 21:54:47.981137,77,2026-04-25 20:37:47.981137,77.0,False
68,Packing,2026-04-25 22:19:47.981137,25,2026-04-25 21:54:47.981137,25.0,False
68,Shipping,2026-04-26 00:42:47.981137,143,2026-04-25 22:19:47.981137,143.0,True
69,Receiving,2026-04-25 17:51:47.981137,9,,,False
69,Storage,2026-04-25 18:53:47.981137,62,2026-04-25 17:51:47.981137,62.0,False
69,Picking,2026-04-25 19:23:47.981137,30,2026-04-25 18:53:47.981137,30.0,False
69,Packing,2026-04-25 19:34:47.981137,11,2026-04-25 19:23:47.981137,11.0,False
69,Shipping,2026-04-25 19:53:47.981137,19,2026-04-25 19:34:47.981137,19.0,False
70,Receiving,2026-04-25 18:02:47.981137,20,,,False
70,Storage,2026-04-25 20:08:47.981137,126,2026-04-25 18:02:47.981137,126.0,True
70,Picking,2026-04-25 20:46:47.981137,38,2026-04-25 20:08:47.981137,38.0,False
70,Packing,2026-04-25 21:11:47.981137,25,2026-04-25 20:46:47.981137,25.0,False
70,Shipping,2026-04-25 21:33:47.981137,22,2026-04-25 21:11:47.981137,22.0,False
71,Receiving,2026-04-25 17:57:47.981137,15,,,False
71,Storage,2026-04-25 19:00:47.981137,63,2026-04-25 17:57:47.981137,63.0,False
71,Picking,2026-04-25 19:29:47.981137,29,2026-04-25 19:00:47.981137,29.0,False
71,Packing,2026-04-25 19:57:47.981137,28,2026-04-25 19:29:47.981137,28.0,False
71,Shipping,2026-04-25 20:09:47.981137,12,2026-04-25 19:57:47.981137,12.0,False
72,Receiving,2026-04-25 18:01:47.981137,19,,,False
72,Storage,2026-04-25 19:42:47.981137,101,2026-04-25 18:01:47.981137,101.0,True
72,Picking,2026-04-25 20:05:47.981137,23,2026-04-25 19:42:47.981137,23.0,False
72,Packing,2026-04-25 20:13:47.981137,8,2026-04-25 20:05:47.981137,8.0,False
72,Shipping,2026-04-25 20:47:47.981137,34,2026-04-25 20:13:47.981137,34.0,False
73,Receiving,2026-04-25 17:58:47.981137,16,,,False
73,Storage,2026-04-25 19:02:47.981137,64,2026-04-25 17:58:47.981137,64.0,False
73,Picking,2026-04-25 19:14:47.981137,12,2026-04-25 19:02:47.981137,12.0,False
73,Packing,2026-04-25 19:40:47.981137,26,2026-04-25 19:14:47.981137,26.0,False
73,Shipping,2026-04-25 20:00:47.981137,20,2026-04-25 19:40:47.981137,20.0,False
74,Receiving,2026-04-25 17:47:47.981137,5,,,False
74,Storage,2026-04-25 21:07:47.981137,200,2026-04-25 17:47:47.981137,200.0,True
74,Picking,2026-04-25 21:51:47.981137,44,2026-04-25 21:07:47.981137,44.0,False
74,Packing,2026-04-25 22:10:47.981137,19,2026-04-25 21:51:47.981137,19.0,False
74,Shipping,2026-04-25 22:22:47.981137,12,2026-04-25 22:10:47.981137,12.0,False
75,Receiving,2026-04-25 18:00:47.981137,18,,,False
75,Storage,2026-04-25 18:47:47.981137,47,2026-04-25 18:00:47.981137,47.0,False
75,Picking,2026-04-25 19:07:47.981137,20,2026-04-25 18:47:47.981137,20.0,False
75,Packing,2026-04-25 19:32:47.981137,25,2026-04-25 19:07:47.981137,25.0,False
75,Shipping,2026-04-25 19:49:47.981137,17,2026-04-25 19:32:47.981137,17.0,False
76,Receiving,2026-04-25 17:48:47.981137,6,,,False
76,Storage,2026-04-25 18:20:47.981137,32,2026-04-25 17:48:47.981137,32.0,False
76,Picking,2026-04-25 18:43:47.981137,23,2026-04-25 18:20:47.981137,23.0,False
76,Packing,2026-04-25 18:52:47.981137,9,2026-04-25 18:43:47.981137,9.0,False
76,Shipping,2026-04-25 19:05:47.981137,13,2026-04-25 18:52:47.981137,13.0,False
77,Receiving,2026-04-25 19:47:47.981137,125,,,True
77,Storage,2026-04-25 22:47:47.981137,180,2026-04-25 19:47:47.981137,180.0,True
77,Picking,2026-04-25 23:36:47.981137,49,2026-04-25 22:47:47.981137,49.0,False
77,Packing,2026-04-25 23:46:47.981137,10,2026-04-25 23:36:47.981137,10.0,False
77,Shipping,2026-04-26 01:30:47.981137,104,2026-04-25 23:46:47.981137,104.0,True
78,Receiving,2026-04-25 17:48:47.981137,6,,,False
78,Storage,2026-04-25 18:26:47.981137,38,2026-04-25 17:48:47.981137,38.0,False
78,Picking,2026-04-25 19:26:47.981137,60,2026-04-25 18:26:47.981137,60.0,False
78,Packing,2026-04-25 19:34:47.981137,8,2026-04-25 19:26:47.981137,8.0,False
78,Shipping,2026-04-25 20:07:47.981137,33,2026-04-25 19:34:47.981137,33.0,False
79,Receiving,2026-04-25 17:57:47.981137,15,,,False
79,Storage,2026-04-25 19:29:47.981137,92,2026-04-25 17:57:47.981137,92.0,True
79,Picking,2026-04-25 20:01:47.981137,32,2026-04-25 19:29:47.981137,32.0,False
79,Packing,2026-04-25 20:22:47.981137,21,2026-04-25 20:01:47.981137,21.0,False
79,Shipping,2026-04-25 20:32:47.981137,10,2026-04-25 20:22:47.981137,10.0,False
80,Receiving,2026-04-25 17:52:47.981137,10,,,False
80,Storage,2026-04-25 19:43:47.981137,111,2026-04-25 17:52:47.981137,111.0,True
80,Picking,2026-04-25 20:42:47.981137,59,2026-04-25 19:43:47.981137,59.0,False
80,Packing,2026-04-25 20:50:47.981137,8,2026-04-25 20:42:47.981137,8.0,False
80,Shipping,2026-04-25 22:20:47.981137,90,2026-04-25 20:50:47.981137,90.0,False
81,Receiving,2026-04-25 17:58:47.981137,16,,,False
81,Storage,2026-04-25 20:58:47.981137,180,2026-04-25 17:58:47.981137,180.0,True
81,Picking,2026-04-25 21:37:47.981137,39,2026-04-25 20:58:47.981137,39.0,False
81,Packing,2026-04-25 21:58:47.981137,21,2026-04-25 21:37:47.981137,21.0,False
81,Shipping,2026-04-25 22:35:47.981137,37,2026-04-25 21:58:47.981137,37.0,False
82,Receiving,2026-04-25 17:48:47.981137,6,,,False
82,Storage,2026-04-25 20:03:47.981137,135,2026-04-25 17:48:47.981137,135.0,True
82,Picking,2026-04-25 21:01:47.981137,58,2026-04-25 20:03:47.981137,58.0,False
82,Packing,2026-04-25 23:11:47.981137,130,2026-04-25 21:01:47.981137,130.0,True
82,Shipping,2026-04-25 23:35:47.981137,24,2026-04-25 23:11:47.981137,24.0,False
83,Receiving,2026-04-25 17:50:47.981137,8,,,False
83,Storage,2026-04-25 19:30:47.981137,100,2026-04-25 17:50:47.981137,100.0,True
83,Picking,2026-04-25 21:35:47.981137,125,2026-04-25 19:30:47.981137,125.0,True
83,Packing,2026-04-25 22:43:47.981137,68,2026-04-25 21:35:47.981137,68.0,False
83,Shipping,2026-04-25 23:10:47.981137,27,2026-04-25 22:43:47.981137,27.0,False
84,Receiving,2026-04-25 17:53:47.981137,11,,,False
84,Storage,2026-04-25 18:53:47.981137,60,2026-04-25 17:53:47.981137,60.0,False
84,Picking,2026-04-25 19:26:47.981137,33,2026-04-25 18:53:47.981137,33.0,False
84,Packing,2026-04-25 19:36:47.981137,10,2026-04-25 19:26:47.981137,10.0,False
84,Shipping,2026-04-25 20:06:47.981137,30,2026-04-25 19:36:47.981137,30.0,False
85,Receiving,2026-04-25 17:51:47.981137,9,,,False
85,Storage,2026-04-25 19:41:47.981137,110,2026-04-25 17:51:47.981137,110.0,True
85,Picking,2026-04-25 20:31:47.981137,50,2026-04-25 19:41:47.981137,50.0,False
85,Packing,2026-04-25 20:55:47.981137,24,2026-04-25 20:31:47.981137,24.0,False
85,Shipping,2026-04-25 21:31:47.981137,36,2026-04-25 20:55:47.981137,36.0,False
86,Receiving,2026-04-25 18:00:47.981137,18,,,False
86,Storage,2026-04-25 21:07:47.981137,187,2026-04-25 18:00:47.981137,187.0,True
86,Picking,2026-04-25 21:18:47.981137,11,2026-04-25 21:07:47.981137,11.0,False
86,Packing,2026-04-25 21:26:47.981137,8,2026-04-25 21:18:47.981137,8.0,False
86,Shipping,2026-04-25 21:56:47.981137,30,2026-04-25 21:26:47.981137,30.0,False
87,Receiving,2026-04-25 17:56:47.981137,14,,,False
87,Storage,2026-04-25 21:41:47.981137,225,2026-04-25 17:56:47.981137,225.0,True
87,Picking,2026-04-25 22:08:47.981137,27,2026-04-25 21:41:47.981137,27.0,False
87,Packing,2026-04-25 22:28:47.981137,20,2026-04-25 22:08:47.981137,20.0,False
87,Shipping,2026-04-25 22:59:47.981137,31,2026-04-25 22:28:47.981137,31.0,False
88,Receiving,2026-04-25 17:51:47.981137,9,,,False
88,Storage,2026-04-25 18:55:47.981137,64,2026-04-25 17:51:47.981137,64.0,False
88,Picking,2026-04-25 19:25:47.981137,30,2026-04-25 18:55:47.981137,30.0,False
88,Packing,2026-04-25 19:41:47.981137,16,2026-04-25 19:25:47.981137,16.0,False
88,Shipping,2026-04-25 19:56:47.981137,15,2026-04-25 19:41:47.981137,15.0,False
89,Receiving,2026-04-25 18:02:47.981137,20,,,False
89,Storage,2026-04-25 19:03:47.981137,61,2026-04-25 18:02:47.981137,61.0,False
89,Picking,2026-04-25 20:57:47.981137,114,2026-04-25 19:03:47.981137,114.0,True
89,Packing,2026-04-25 21:18:47.981137,21,2026-04-25 20:57:47.981137,21.0,False
89,Shipping,2026-04-25 21:53:47.981137,35,2026-04-25 21:18:47.981137,35.0,False
90,Receiving,2026-04-25 17:56:47.981137,14,,,False
90,Storage,2026-04-25 20:46:47.981137,170,2026-04-25 17:56:47.981137,170.0,True
90,Picking,2026-04-25 21:43:47.981137,57,2026-04-25 20:46:47.981137,57.0,False
90,Packing,2026-04-25 22:11:47.981137,28,2026-04-25 21:43:47.981137,28.0,False
90,Shipping,2026-04-25 22:42:47.981137,31,2026-04-25 22:11:47.981137,31.0,False
91,Receiving,2026-04-25 17:47:47.981137,5,,,False
91,Storage,2026-04-25 18:41:47.981137,54,2026-04-25 17:47:47.981137,54.0,False
91,Picking,2026-04-25 20:14:47.981137,93,2026-04-25 18:41:47.981137,93.0,True
91,Packing,2026-04-25 20:31:47.981137,17,2026-04-25 20:14:47.981137,17.0,False
91,Shipping,2026-04-25 21:13:47.981137,42,2026-04-25 20:31:47.981137,42.0,False
92,Receiving,2026-04-25 18:35:47.981137,53,,,False
92,Storage,2026-04-25 19:37:47.981137,62,2026-04-25 18:35:47.981137,62.0,False
92,Picking,2026-04-25 19:50:47.981137,13,2026-04-25 19:37:47.981137,13.0,False
92,Packing,2026-04-25 21:44:47.981137,114,2026-04-25 19:50:47.981137,114.0,True
92,Shipping,2026-04-25 22:13:47.981137,29,2026-04-25 21:44:47.981137,29.0,False
93,Receiving,2026-04-25 17:53:47.981137,11,,,False
93,Storage,2026-04-25 19:46:47.981137,113,2026-04-25 17:53:47.981137,113.0,True
93,Picking,2026-04-25 20:39:47.981137,53,2026-04-25 19:46:47.981137,53.0,False
93,Packing,2026-04-25 20:57:47.981137,18,2026-04-25 20:39:47.981137,18.0,False
93,Shipping,2026-04-25 21:30:47.981137,33,2026-04-25 20:57:47.981137,33.0,False
94,Receiving,2026-04-25 17:56:47.981137,14,,,False
94,Storage,2026-04-25 18:28:47.981137,32,2026-04-25 17:56:47.981137,32.0,False
94,Picking,2026-04-25 18:54:47.981137,26,2026-04-25 18:28:47.981137,26.0,False
94,Packing,2026-04-25 19:24:47.981137,30,2026-04-25 18:54:47.981137,30.0,False
94,Shipping,2026-04-25 20:05:47.981137,41,2026-04-25 19:24:47.981137,41.0,False
95,Receiving,2026-04-25 17:47:47.981137,5,,,False
95,Storage,2026-04-25 18:57:47.981137,70,2026-04-25 17:47:47.981137,70.0,False
95,Picking,2026-04-25 20:49:47.981137,112,2026-04-25 18:57:47.981137,112.0,True
95,Packing,2026-04-25 21:03:47.981137,14,2026-04-25 20:49:47.981137,14.0,False
95,Shipping,2026-04-25 21:23:47.981137,20,2026-04-25 21:03:47.981137,20.0,False
96,Receiving,2026-04-25 17:48:47.981137,6,,,False
96,Storage,2026-04-25 22:02:47.981137,254,2026-04-25 17:48:47.981137,254.0,True
96,Picking,2026-04-25 23:37:47.981137,95,2026-04-25 22:02:47.981137,95.0,True
96,Packing,2026-04-25 23:49:47.981137,12,2026-04-25 23:37:47.981137,12.0,False
96,Shipping,2026-04-26 00:15:47.981137,26,2026-04-25 23:49:47.981137,26.0,False
97,Receiving,2026-04-25 17:58:47.981137,16,,,False
97,Storage,2026-04-25 18:40:47.981137,42,2026-04-25 17:58:47.981137,42.0,False
97,Picking,2026-04-25 19:33:47.981137,53,2026-04-25 18:40:47.981137,53.0,False
97,Packing,2026-04-25 21:29:47.981137,116,2026-04-25 19:33:47.981137,116.0,True
97,Shipping,2026-04-25 22:11:47.981137,42,2026-04-25 21:29:47.981137,42.0,False
98,Receiving,2026-04-25 17:59:47.981137,17,,,False
98,Storage,2026-04-25 20:30:47.981137,151,2026-04-25 17:59:47.981137,151.0,True
98,Picking,2026-04-25 20:51:47.981137,21,2026-04-25 20:30:47.981137,21.0,False
98,Packing,2026-04-25 21:03:47.981137,12,2026-04-25 20:51:47.981137,12.0,False
98,Shipping,2026-04-25 21:42:47.981137,39,2026-04-25 21:03:47.981137,39.0,False
99,Receiving,2026-04-25 18:58:47.981137,76,,,False
99,Storage,2026-04-25 20:06:47.981137,68,2026-04-25 18:58:47.981137,68.0,False
99,Picking,2026-04-25 21:21:47.981137,75,2026-04-25 20:06:47.981137,75.0,False
99,Packing,2026-04-25 21:27:47.981137,6,2026-04-25 21:21:47.981137,6.0,False
99,Shipping,2026-04-25 21:50:47.981137,23,2026-04-25 21:27:47.981137,23.0,False
100,Receiving,2026-04-25 17:52:47.981137,10,,,False
100,Storage,2026-04-25 19:07:47.981137,75,2026-04-25 17:52:47.981137,75.0,False
100,Picking,2026-04-25 19:28:47.981137,21,2026-04-25 19:07:47.981137,21.0,False
100,Packing,2026-04-25 19:55:47.981137,27,2026-04-25 19:28:47.981137,27.0,False
100,Shipping,2026-04-25 21:41:47.981137,106,2026-04-25 19:55:47.981137,106.0,True
101,Receiving,2026-04-25 19:31:47.981137,109,,,True
101,Storage,2026-04-25 21:00:47.981137,89,2026-04-25 19:31:47.981137,89.0,False
101,Picking,2026-04-25 23:02:47.981137,122,2026-04-25 21:00:47.981137,122.0,True
101,Packing,2026-04-25 23:09:47.981137,7,2026-04-25 23:02:47.981137,7.0,False
101,Shipping,2026-04-25 23:30:47.981137,21,2026-04-25 23:09:47.981137,21.0,False
102,Receiving,2026-04-25 18:01:47.981137,19,,,False
102,Storage,2026-04-25 19:19:47.981137,78,2026-04-25 18:01:47.981137,78.0,False
102,Picking,2026-04-25 19:42:47.981137,23,2026-04-25 19:19:47.981137,23.0,False
102,Packing,2026-04-25 19:55:47.981137,13,2026-04-25 19:42:47.981137,13.0,False
102,Shipping,2026-04-25 20:33:47.981137,38,2026-04-25 19:55:47.981137,38.0,False
103,Receiving,2026-04-25 18:00:47.981137,18,,,False
103,Storage,2026-04-25 20:20:47.981137,140,2026-04-25 18:00:47.981137,140.0,True
103,Picking,2026-04-25 20:45:47.981137,25,2026-04-25 20:20:47.981137,25.0,False
103,Packing,2026-04-25 21:01:47.981137,16,2026-04-25 20:45:47.981137,16.0,False
103,Shipping,2026-04-25 21:18:47.981137,17,2026-04-25 21:01:47.981137,17.0,False
104,Receiving,2026-04-25 18:01:47.981137,19,,,False
104,Storage,2026-04-25 18:48:47.981137,47,2026-04-25 18:01:47.981137,47.0,False
104,Picking,2026-04-25 19:18:47.981137,30,2026-04-25 18:48:47.981137,30.0,False
104,Packing,2026-04-25 19:28:47.981137,10,2026-04-25 19:18:47.981137,10.0,False
104,Shipping,2026-04-25 20:06:47.981137,38,2026-04-25 19:28:47.981137,38.0,False
105,Receiving,2026-04-25 18:01:47.981137,19,,,False
105,Storage,2026-04-25 20:12:47.981137,131,2026-04-25 18:01:47.981137,131.0,True
105,Picking,2026-04-25 20:53:47.981137,41,2026-04-25 20:12:47.981137,41.0,False
105,Packing,2026-04-25 20:58:47.981137,5,2026-04-25 20:53:47.981137,5.0,False
105,Shipping,2026-04-25 21:26:47.981137,28,2026-04-25 20:58:47.981137,28.0,False
106,Receiving,2026-04-25 17:50:47.981137,8,,,False
106,Storage,2026-04-25 20:19:47.981137,149,2026-04-25 17:50:47.981137,149.0,True
106,Picking,2026-04-25 20:42:47.981137,23,2026-04-25 20:19:47.981137,23.0,False
106,Packing,2026-04-25 21:06:47.981137,24,2026-04-25 20:42:47.981137,24.0,False
106,Shipping,2026-04-25 21:25:47.981137,19,2026-04-25 21:06:47.981137,19.0,False
107,Receiving,2026-04-25 17:48:47.981137,6,,,False
107,Storage,2026-04-25 19:30:47.981137,102,2026-04-25 17:48:47.981137,102.0,True
107,Picking,2026-04-25 19:40:47.981137,10,2026-04-25 19:30:47.981137,10.0,False
107,Packing,2026-04-25 20:00:47.981137,20,2026-04-25 19:40:47.981137,20.0,False
107,Shipping,2026-04-25 20:25:47.981137,25,2026-04-25 20:00:47.981137,25.0,False
108,Receiving,2026-04-25 17:55:47.981137,13,,,False
108,Storage,2026-04-25 20:30:47.981137,155,2026-04-25 17:55:47.981137,155.0,True
108,Picking,2026-04-25 21:29:47.981137,59,2026-04-25 20:30:47.981137,59.0,False
108,Packing,2026-04-25 21:45:47.981137,16,2026-04-25 21:29:47.981137,16.0,False
108,Shipping,2026-04-25 21:58:47.981137,13,2026-04-25 21:45:47.981137,13.0,False
109,Receiving,2026-04-25 17:47:47.981137,5,,,False
109,Storage,2026-04-25 19:52:47.981137,125,2026-04-25 17:47:47.981137,125.0,True
109,Picking,2026-04-25 20:40:47.981137,48,2026-04-25 19:52:47.981137,48.0,False
109,Packing,2026-04-25 20:49:47.981137,9,2026-04-25 20:40:47.981137,9.0,False
109,Shipping,2026-04-25 21:26:47.981137,37,2026-04-25 20:49:47.981137,37.0,False
110,Receiving,2026-04-25 18:02:47.981137,20,,,False
110,Storage,2026-04-25 20:27:47.981137,145,2026-04-25 18:02:47.981137,145.0,True
110,Picking,2026-04-25 21:51:47.981137,84,2026-04-25 20:27:47.981137,84.0,False
110,Packing,2026-04-25 21:56:47.981137,5,2026-04-25 21:51:47.981137,5.0,False
110,Shipping,2026-04-25 22:34:47.981137,38,2026-04-25 21:56:47.981137,38.0,False
111,Receiving,2026-04-25 17:48:47.981137,6,,,False
111,Storage,2026-04-25 20:32:47.981137,164,2026-04-25 17:48:47.981137,164.0,True
111,Picking,2026-04-25 21:17:47.981137,45,2026-04-25 20:32:47.981137,45.0,False
111,Packing,2026-04-25 21:34:47.981137,17,2026-04-25 21:17:47.981137,17.0,False
111,Shipping,2026-04-25 22:04:47.981137,30,2026-04-25 21:34:47.981137,30.0,False
112,Receiving,2026-04-25 18:02:47.981137,20,,,False
112,Storage,2026-04-25 19:17:47.981137,75,2026-04-25 18:02:47.981137,75.0,False
112,Picking,2026-04-25 19:28:47.981137,11,2026-04-25 19:17:47.981137,11.0,False
112,Packing,2026-04-25 19:35:47.981137,7,2026-04-25 19:28:47.981137,7.0,False
112,Shipping,2026-04-25 20:18:47.981137,43,2026-04-25 19:35:47.981137,43.0,False
113,Receiving,2026-04-25 17:50:47.981137,8,,,False
113,Storage,2026-04-25 20:50:47.981137,180,2026-04-25 17:50:47.981137,180.0,True
113,Picking,2026-04-25 22:27:47.981137,97,2026-04-25 20:50:47.981137,97.0,True
113,Packing,2026-04-25 22:36:47.981137,9,2026-04-25 22:27:47.981137,9.0,False
113,Shipping,2026-04-26 00:51:47.981137,135,2026-04-25 22:36:47.981137,135.0,True
114,Receiving,2026-04-25 17:57:47.981137,15,,,False
114,Storage,2026-04-25 19:32:47.981137,95,2026-04-25 17:57:47.981137,95.0,True
114,Picking,2026-04-25 20:00:47.981137,28,2026-04-25 19:32:47.981137,28.0,False
114,Packing,2026-04-25 20:17:47.981137,17,2026-04-25 20:00:47.981137,17.0,False
114,Shipping,2026-04-25 20:52:47.981137,35,2026-04-25 20:17:47.981137,35.0,False
115,Receiving,2026-04-25 18:40:47.981137,58,,,False
115,Storage,2026-04-25 20:33:47.981137,113,2026-04-25 18:40:47.981137,113.0,True
115,Picking,2026-04-25 22:51:47.981137,138,2026-04-25 20:33:47.981137,138.0,True
115,Packing,2026-04-25 23:12:47.981137,21,2026-04-25 22:51:47.981137,21.0,False
115,Shipping,2026-04-25 23:42:47.981137,30,2026-04-25 23:12:47.981137,30.0,False
116,Receiving,2026-04-25 18:00:47.981137,18,,,False
116,Storage,2026-04-25 20:25:47.981137,145,2026-04-25 18:00:47.981137,145.0,True
116,Picking,2026-04-25 21:16:47.981137,51,2026-04-25 20:25:47.981137,51.0,False
116,Packing,2026-04-25 21:34:47.981137,18,2026-04-25 21:16:47.981137,18.0,False
116,Shipping,2026-04-25 21:48:47.981137,14,2026-04-25 21:34:47.981137,14.0,False
117,Receiving,2026-04-25 17:50:47.981137,8,,,False
117,Storage,2026-04-25 19:55:47.981137,125,2026-04-25 17:50:47.981137,125.0,True
117,Picking,2026-04-25 20:54:47.981137,59,2026-04-25 19:55:47.981137,59.0,False
117,Packing,2026-04-25 20:59:47.981137,5,2026-04-25 20:54:47.981137,5.0,False
117,Shipping,2026-04-25 21:36:47.981137,37,2026-04-25 20:59:47.981137,37.0,False
118,Receiving,2026-04-25 17:52:47.981137,10,,,False
118,Storage,2026-04-25 19:00:47.981137,68,2026-04-25 17:52:47.981137,68.0,False
118,Picking,2026-04-25 19:34:47.981137,34,2026-04-25 19:00:47.981137,34.0,False
118,Packing,2026-04-25 19:53:47.981137,19,2026-04-25 19:34:47.981137,19.0,False
118,Shipping,2026-04-25 20:08:47.981137,15,2026-04-25 19:53:47.981137,15.0,False
119,Receiving,2026-04-25 17:56:47.981137,14,,,False
119,Storage,2026-04-25 20:32:47.981137,156,2026-04-25 17:56:47.981137,156.0,True
119,Picking,2026-04-25 22:46:47.981137,134,2026-04-25 20:32:47.981137,134.0,True
119,Packing,2026-04-26 00:47:47.981137,121,2026-04-25 22:46:47.981137,121.0,True
119,Shipping,2026-04-26 03:09:47.981137,142,2026-04-26 00:47:47.981137,142.0,True
120,Receiving,2026-04-25 17:56:47.981137,14,,,False
120,Storage,2026-04-25 19:33:47.981137,97,2026-04-25 17:56:47.981137,97.0,True
120,Picking,2026-04-25 19:45:47.981137,12,2026-04-25 19:33:47.981137,12.0,False
120,Packing,2026-04-25 19:53:47.981137,8,2026-04-25 19:45:47.981137,8.0,False
120,Shipping,2026-04-25 20:17:47.981137,24,2026-04-25 19:53:47.981137,24.0,False
121,Receiving,2026-04-25 18:02:47.981137,20,,,False
121,Storage,2026-04-25 19:45:47.981137,103,2026-04-25 18:02:47.981137,103.0,True
121,Picking,2026-04-25 19:58:47.981137,13,2026-04-25 19:45:47.981137,13.0,False
121,Packing,2026-04-25 20:09:47.981137,11,2026-04-25 19:58:47.981137,11.0,False
121,Shipping,2026-04-25 20:49:47.981137,40,2026-04-25 20:09:47.981137,40.0,False
122,Receiving,2026-04-25 17:56:47.981137,14,,,False
122,Storage,2026-04-25 18:39:47.981137,43,2026-04-25 17:56:47.981137,43.0,False
122,Picking,2026-04-25 20:36:47.981137,117,2026-04-25 18:39:47.981137,117.0,True
122,Packing,2026-04-25 22:14:47.981137,98,2026-04-25 20:36:47.981137,98.0,True
122,Shipping,2026-04-26 00:01:47.981137,107,2026-04-25 22:14:47.981137,107.0,True
123,Receiving,2026-04-25 18:00:47.981137,18,,,False
123,Storage,2026-04-25 19:14:47.981137,74,2026-04-25 18:00:47.981137,74.0,False
123,Picking,2026-04-25 20:05:47.981137,51,2026-04-25 19:14:47.981137,51.0,False
123,Packing,2026-04-25 20:28:47.981137,23,2026-04-25 20:05:47.981137,23.0,False
123,Shipping,2026-04-25 20:55:47.981137,27,2026-04-25 20:28:47.981137,27.0,False
124,Receiving,2026-04-25 17:51:47.981137,9,,,False
124,Storage,2026-04-25 18:32:47.981137,41,2026-04-25 17:51:47.981137,41.0,False
124,Picking,2026-04-25 19:52:47.981137,80,2026-04-25 18:32:47.981137,80.0,False
124,Packing,2026-04-25 20:45:47.981137,53,2026-04-25 19:52:47.981137,53.0,False
124,Shipping,2026-04-25 20:57:47.981137,12,2026-04-25 20:45:47.981137,12.0,False
125,Receiving,2026-04-25 17:58:47.981137,16,,,False
125,Storage,2026-04-25 19:52:47.981137,114,2026-04-25 17:58:47.981137,114.0,True
125,Picking,2026-04-25 20:12:47.981137,20,2026-04-25 19:52:47.981137,20.0,False
125,Packing,2026-04-25 22:24:47.981137,132,2026-04-25 20:12:47.981137,132.0,True
125,Shipping,2026-04-25 22:49:47.981137,25,2026-04-25 22:24:47.981137,25.0,False
126,Receiving,2026-04-25 18:26:47.981137,44,,,False
126,Storage,2026-04-25 19:33:47.981137,67,2026-04-25 18:26:47.981137,67.0,False
126,Picking,2026-04-25 20:19:47.981137,46,2026-04-25 19:33:47.981137,46.0,False
126,Packing,2026-04-25 20:42:47.981137,23,2026-04-25 20:19:47.981137,23.0,False
126,Shipping,2026-04-25 22:56:47.981137,134,2026-04-25 20:42:47.981137,134.0,True
127,Receiving,2026-04-25 17:48:47.981137,6,,,False
127,Storage,2026-04-25 19:21:47.981137,93,2026-04-25 17:48:47.981137,93.0,True
127,Picking,2026-04-25 20:00:47.981137,39,2026-04-25 19:21:47.981137,39.0,False
127,Packing,2026-04-25 20:08:47.981137,8,2026-04-25 20:00:47.981137,8.0,False
127,Shipping,2026-04-25 22:37:47.981137,149,2026-04-25 20:08:47.981137,149.0,True
128,Receiving,2026-04-25 17:57:47.981137,15,,,False
128,Storage,2026-04-25 20:15:47.981137,138,2026-04-25 17:57:47.981137,138.0,True
128,Picking,2026-04-25 20:35:47.981137,20,2026-04-25 20:15:47.981137,20.0,False
128,Packing,2026-04-25 20:52:47.981137,17,2026-04-25 20:35:47.981137,17.0,False
128,Shipping,2026-04-25 22:14:47.981137,82,2026-04-25 20:52:47.981137,82.0,False
129,Receiving,2026-04-25 18:00:47.981137,18,,,False
129,Storage,2026-04-25 19:52:47.981137,112,2026-04-25 18:00:47.981137,112.0,True
129,Picking,2026-04-25 20:51:47.981137,59,2026-04-25 19:52:47.981137,59.0,False
129,Packing,2026-04-25 21:17:47.981137,26,2026-04-25 20:51:47.981137,26.0,False
129,Shipping,2026-04-25 21:34:47.981137,17,2026-04-25 21:17:47.981137,17.0,False
130,Receiving,2026-04-25 17:53:47.981137,11,,,False
130,Storage,2026-04-25 19:54:47.981137,121,2026-04-25 17:53:47.981137,121.0,True
130,Picking,2026-04-25 20:31:47.981137,37,2026-04-25 19:54:47.981137,37.0,False
130,Packing,2026-04-25 20:44:47.981137,13,2026-04-25 20:31:47.981137,13.0,False
130,Shipping,2026-04-25 21:07:47.981137,23,2026-04-25 20:44:47.981137,23.0,False
131,Receiving,2026-04-25 17:56:47.981137,14,,,False
131,Storage,2026-04-25 18:47:47.981137,51,2026-04-25 17:56:47.981137,51.0,False
131,Picking,2026-04-25 19:17:47.981137,30,2026-04-25 18:47:47.981137,30.0,False
131,Packing,2026-04-25 19:45:47.981137,28,2026-04-25 19:17:47.981137,28.0,False
131,Shipping,2026-04-25 20:04:47.981137,19,2026-04-25 19:45:47.981137,19.0,False
132,Receiving,2026-04-25 18:29:47.981137,47,,,False
132,Storage,2026-04-25 19:12:47.981137,43,2026-04-25 18:29:47.981137,43.0,False
132,Picking,2026-04-25 19:51:47.981137,39,2026-04-25 19:12:47.981137,39.0,False
132,Packing,2026-04-25 20:14:47.981137,23,2026-04-25 19:51:47.981137,23.0,False
132,Shipping,2026-04-25 20:46:47.981137,32,2026-04-25 20:14:47.981137,32.0,False
133,Receiving,2026-04-25 17:58:47.981137,16,,,False
133,Storage,2026-04-25 19:48:47.981137,110,2026-04-25 17:58:47.981137,110.0,True
133,Picking,2026-04-25 20:21:47.981137,33,2026-04-25 19:48:47.981137,33.0,False
133,Packing,2026-04-25 20:35:47.981137,14,2026-04-25 20:21:47.981137,14.0,False
133,Shipping,2026-04-25 21:20:47.981137,45,2026-04-25 20:35:47.981137,45.0,False
134,Receiving,2026-04-25 18:00:47.981137,18,,,False
134,Storage,2026-04-25 22:11:47.981137,251,2026-04-25 18:00:47.981137,251.0,True
134,Picking,2026-04-25 22:30:47.981137,19,2026-04-25 22:11:47.981137,19.0,False
134,Packing,2026-04-25 22:40:47.981137,10,2026-04-25 22:30:47.981137,10.0,False
134,Shipping,2026-04-25 23:23:47.981137,43,2026-04-25 22:40:47.981137,43.0,False
135,Receiving,2026-04-25 17:55:47.981137,13,,,False
135,Storage,2026-04-25 20:43:47.981137,168,2026-04-25 17:55:47.981137,168.0,True
135,Picking,2026-04-25 21:20:47.981137,37,2026-04-25 20:43:47.981137,37.0,False
135,Packing,2026-04-25 21:38:47.981137,18,2026-04-25 21:20:47.981137,18.0,False
135,Shipping,2026-04-25 22:16:47.981137,38,2026-04-25 21:38:47.981137,38.0,False
136,Receiving,2026-04-25 17:54:47.981137,12,,,False
136,Storage,2026-04-25 19:36:47.981137,102,2026-04-25 17:54:47.981137,102.0,True
136,Picking,2026-04-25 20:22:47.981137,46,2026-04-25 19:36:47.981137,46.0,False
136,Packing,2026-04-25 20:50:47.981137,28,2026-04-25 20:22:47.981137,28.0,False
136,Shipping,2026-04-25 21:15:47.981137,25,2026-04-25 20:50:47.981137,25.0,False
137,Receiving,2026-04-25 17:47:47.981137,5,,,False
137,Storage,2026-04-25 19:35:47.981137,108,2026-04-25 17:47:47.981137,108.0,True
137,Picking,2026-04-25 20:54:47.981137,79,2026-04-25 19:35:47.981137,79.0,False
137,Packing,2026-04-25 21:18:47.981137,24,2026-04-25 20:54:47.981137,24.0,False
137,Shipping,2026-04-25 21:57:47.981137,39,2026-04-25 21:18:47.981137,39.0,False
138,Receiving,2026-04-25 17:49:47.981137,7,,,False
138,Storage,2026-04-25 20:13:47.981137,144,2026-04-25 17:49:47.981137,144.0,True
138,Picking,2026-04-25 21:01:47.981137,48,2026-04-25 20:13:47.981137,48.0,False
138,Packing,2026-04-25 21:26:47.981137,25,2026-04-25 21:01:47.981137,25.0,False
138,Shipping,2026-04-25 22:02:47.981137,36,2026-04-25 21:26:47.981137,36.0,False
139,Receiving,2026-04-25 17:52:47.981137,10,,,False
139,Storage,2026-04-25 20:34:47.981137,162,2026-04-25 17:52:47.981137,162.0,True
139,Picking,2026-04-25 20:49:47.981137,15,2026-04-25 20:34:47.981137,15.0,False
139,Packing,2026-04-25 22:12:47.981137,83,2026-04-25 20:49:47.981137,83.0,False
139,Shipping,2026-04-25 22:27:47.981137,15,2026-04-25 22:12:47.981137,15.0,False
140,Receiving,2026-04-25 17:58:47.981137,16,,,False
140,Storage,2026-04-25 19:23:47.981137,85,2026-04-25 17:58:47.981137,85.0,False
140,Picking,2026-04-25 21:34:47.981137,131,2026-04-25 19:23:47.981137,131.0,True
140,Packing,2026-04-25 21:50:47.981137,16,2026-04-25 21:34:47.981137,16.0,False
140,Shipping,2026-04-25 22:21:47.981137,31,2026-04-25 21:50:47.981137,31.0,False
141,Receiving,2026-04-25 17:59:47.981137,17,,,False
141,Storage,2026-04-25 20:02:47.981137,123,2026-04-25 17:59:47.981137,123.0,True
141,Picking,2026-04-25 20:19:47.981137,17,2026-04-25 20:02:47.981137,17.0,False
141,Packing,2026-04-25 20:32:47.981137,13,2026-04-25 20:19:47.981137,13.0,False
141,Shipping,2026-04-25 20:55:47.981137,23,2026-04-25 20:32:47.981137,23.0,False
142,Receiving,2026-04-25 17:59:47.981137,17,,,False
142,Storage,2026-04-25 19:53:47.981137,114,2026-04-25 17:59:47.981137,114.0,True
142,Picking,2026-04-25 20:09:47.981137,16,2026-04-25 19:53:47.981137,16.0,False
142,Packing,2026-04-25 20:18:47.981137,9,2026-04-25 20:09:47.981137,9.0,False
142,Shipping,2026-04-25 20:31:47.981137,13,2026-04-25 20:18:47.981137,13.0,False
143,Receiving,2026-04-25 18:41:47.981137,59,,,False
143,Storage,2026-04-25 19:25:47.981137,44,2026-04-25 18:41:47.981137,44.0,False
143,Picking,2026-04-25 19:59:47.981137,34,2026-04-25 19:25:47.981137,34.0,False
143,Packing,2026-04-25 20:17:47.981137,18,2026-04-25 19:59:47.981137,18.0,False
143,Shipping,2026-04-25 21:02:47.981137,45,2026-04-25 20:17:47.981137,45.0,False
144,Receiving,2026-04-25 18:01:47.981137,19,,,False
144,Storage,2026-04-25 20:09:47.981137,128,2026-04-25 18:01:47.981137,128.0,True
144,Picking,2026-04-25 22:10:47.981137,121,2026-04-25 20:09:47.981137,121.0,True
144,Packing,2026-04-25 23:24:47.981137,74,2026-04-25 22:10:47.981137,74.0,False
144,Shipping,2026-04-26 00:06:47.981137,42,2026-04-25 23:24:47.981137,42.0,False
145,Receiving,2026-04-25 18:01:47.981137,19,,,False
145,Storage,2026-04-25 20:54:47.981137,173,2026-04-25 18:01:47.981137,173.0,True
145,Picking,2026-04-25 21:14:47.981137,20,2026-04-25 20:54:47.981137,20.0,False
145,Packing,2026-04-25 21:35:47.981137,21,2026-04-25 21:14:47.981137,21.0,False
145,Shipping,2026-04-25 22:19:47.981137,44,2026-04-25 21:35:47.981137,44.0,False
146,Receiving,2026-04-25 19:29:47.981137,107,,,True
146,Storage,2026-04-25 21:43:47.981137,134,2026-04-25 19:29:47.981137,134.0,True
146,Picking,2026-04-25 23:43:47.981137,120,2026-04-25 21:43:47.981137,120.0,True
146,Packing,2026-04-26 00:04:47.981137,21,2026-04-25 23:43:47.981137,21.0,False
146,Shipping,2026-04-26 00:46:47.981137,42,2026-04-26 00:04:47.981137,42.0,False
147,Receiving,2026-04-25 17:57:47.981137,15,,,False
147,Storage,2026-04-25 20:06:47.981137,129,2026-04-25 17:57:47.981137,129.0,True
147,Picking,2026-04-25 20:46:47.981137,40,2026-04-25 20:06:47.981137,40.0,False
147,Packing,2026-04-25 21:13:47.981137,27,2026-04-25 20:46:47.981137,27.0,False
147,Shipping,2026-04-25 21:28:47.981137,15,2026-04-25 21:13:47.981137,15.0,False
148,Receiving,2026-04-25 18:56:47.981137,74,,,False
148,Storage,2026-04-25 21:47:47.981137,171,2026-04-25 18:56:47.981137,171.0,True
148,Picking,2026-04-25 23:28:47.981137,101,2026-04-25 21:47:47.981137,101.0,True
148,Packing,2026-04-25 23:41:47.981137,13,2026-04-25 23:28:47.981137,13.0,False
148,Shipping,2026-04-26 00:05:47.981137,24,2026-04-25 23:41:47.981137,24.0,False
149,Receiving,2026-04-25 17:55:47.981137,13,,,False
149,Storage,2026-04-25 19:34:47.981137,99,2026-04-25 17:55:47.981137,99.0,True
149,Picking,2026-04-25 20:07:47.981137,33,2026-04-25 19:34:47.981137,33.0,False
149,Packing,2026-04-25 20:34:47.981137,27,2026-04-25 20:07:47.981137,27.0,False
149,Shipping,2026-04-25 21:09:47.981137,35,2026-04-25 20:34:47.981137,35.0,False
150,Receiving,2026-04-25 17:52:47.981137,10,,,False
150,Storage,2026-04-25 20:07:47.981137,135,2026-04-25 17:52:47.981137,135.0,True
150,Picking,2026-04-25 20:20:47.981137,13,2026-04-25 20:07:47.981137,13.0,False
150,Packing,2026-04-25 20:48:47.981137,28,2026-04-25 20:20:47.981137,28.0,False
150,Shipping,2026-04-25 21:27:47.981137,39,2026-04-25 20:48:47.981137,39.0,False
151,Receiving,2026-04-25 17:58:47.981137,16,,,False
151,Storage,2026-04-25 20:36:47.981137,158,2026-04-25 17:58:47.981137,158.0,True
151,Picking,2026-04-25 20:56:47.981137,20,2026-04-25 20:36:47.981137,20.0,False
151,Packing,2026-04-25 21:15:47.981137,19,2026-04-25 20:56:47.981137,19.0,False
151,Shipping,2026-04-25 22:23:47.981137,68,2026-04-25 21:15:47.981137,68.0,False
152,Receiving,2026-04-25 18:00:47.981137,18,,,False
152,Storage,2026-04-25 19:39:47.981137,99,2026-04-25 18:00:47.981137,99.0,True
152,Picking,2026-04-25 20:33:47.981137,54,2026-04-25 19:39:47.981137,54.0,False
152,Packing,2026-04-25 22:34:47.981137,121,2026-04-25 20:33:47.981137,121.0,True
152,Shipping,2026-04-25 23:11:47.981137,37,2026-04-25 22:34:47.981137,37.0,False
153,Receiving,2026-04-25 19:16:47.981137,94,,,True
153,Storage,2026-04-25 21:58:47.981137,162,2026-04-25 19:16:47.981137,162.0,True
153,Picking,2026-04-25 23:15:47.981137,77,2026-04-25 21:58:47.981137,77.0,False
153,Packing,2026-04-25 23:29:47.981137,14,2026-04-25 23:15:47.981137,14.0,False
153,Shipping,2026-04-25 23:40:47.981137,11,2026-04-25 23:29:47.981137,11.0,False
154,Receiving,2026-04-25 17:47:47.981137,5,,,False
154,Storage,2026-04-25 20:03:47.981137,136,2026-04-25 17:47:47.981137,136.0,True
154,Picking,2026-04-25 20:57:47.981137,54,2026-04-25 20:03:47.981137,54.0,False
154,Packing,2026-04-25 21:02:47.981137,5,2026-04-25 20:57:47.981137,5.0,False
154,Shipping,2026-04-25 21:38:47.981137,36,2026-04-25 21:02:47.981137,36.0,False
155,Receiving,2026-04-25 19:17:47.981137,95,,,True
155,Storage,2026-04-25 21:46:47.981137,149,2026-04-25 19:17:47.981137,149.0,True
155,Picking,2026-04-25 22:03:47.981137,17,2026-04-25 21:46:47.981137,17.0,False
155,Packing,2026-04-25 22:21:47.981137,18,2026-04-25 22:03:47.981137,18.0,False
155,Shipping,2026-04-25 23:01:47.981137,40,2026-04-25 22:21:47.981137,40.0,False
156,Receiving,2026-04-25 18:00:47.981137,18,,,False
156,Storage,2026-04-25 20:58:47.981137,178,2026-04-25 18:00:47.981137,178.0,True
156,Picking,2026-04-25 21:19:47.981137,21,2026-04-25 20:58:47.981137,21.0,False
156,Packing,2026-04-25 21:37:47.981137,18,2026-04-25 21:19:47.981137,18.0,False
156,Shipping,2026-04-25 23:59:47.981137,142,2026-04-25 21:37:47.981137,142.0,True
157,Receiving,2026-04-25 17:57:47.981137,15,,,False
157,Storage,2026-04-25 20:17:47.981137,140,2026-04-25 17:57:47.981137,140.0,True
157,Picking,2026-04-25 21:02:47.981137,45,2026-04-25 20:17:47.981137,45.0,False
157,Packing,2026-04-25 21:14:47.981137,12,2026-04-25 21:02:47.981137,12.0,False
157,Shipping,2026-04-25 21:27:47.981137,13,2026-04-25 21:14:47.981137,13.0,False
158,Receiving,2026-04-25 18:46:47.981137,64,,,False
158,Storage,2026-04-25 20:03:47.981137,77,2026-04-25 18:46:47.981137,77.0,False
158,Picking,2026-04-25 21:02:47.981137,59,2026-04-25 20:03:47.981137,59.0,False
158,Packing,2026-04-25 21:26:47.981137,24,2026-04-25 21:02:47.981137,24.0,False
158,Shipping,2026-04-25 22:00:47.981137,34,2026-04-25 21:26:47.981137,34.0,False
159,Receiving,2026-04-25 17:49:47.981137,7,,,False
159,Storage,2026-04-25 19:50:47.981137,121,2026-04-25 17:49:47.981137,121.0,True
159,Picking,2026-04-25 20:17:47.981137,27,2026-04-25 19:50:47.981137,27.0,False
159,Packing,2026-04-25 20:45:47.981137,28,2026-04-25 20:17:47.981137,28.0,False
159,Shipping,2026-04-25 21:05:47.981137,20,2026-04-25 20:45:47.981137,20.0,False
160,Receiving,2026-04-25 17:56:47.981137,14,,,False
160,Storage,2026-04-25 20:25:47.981137,149,2026-04-25 17:56:47.981137,149.0,True
160,Picking,2026-04-25 20:57:47.981137,32,2026-04-25 20:25:47.981137,32.0,False
160,Packing,2026-04-25 21:02:47.981137,5,2026-04-25 20:57:47.981137,5.0,False
160,Shipping,2026-04-25 21:19:47.981137,17,2026-04-25 21:02:47.981137,17.0,False
161,Receiving,2026-04-25 17:56:47.981137,14,,,False
161,Storage,2026-04-25 19:39:47.981137,103,2026-04-25 17:56:47.981137,103.0,True
161,Picking,2026-04-25 20:20:47.981137,41,2026-04-25 19:39:47.981137,41.0,False
161,Packing,2026-04-25 20:45:47.981137,25,2026-04-25 20:20:47.981137,25.0,False
161,Shipping,2026-04-25 22:21:47.981137,96,2026-04-25 20:45:47.981137,96.0,True
162,Receiving,2026-04-25 17:53:47.981137,11,,,False
162,Storage,2026-04-25 18:56:47.981137,63,2026-04-25 17:53:47.981137,63.0,False
162,Picking,2026-04-25 20:22:47.981137,86,2026-04-25 18:56:47.981137,86.0,False
162,Packing,2026-04-25 21:51:47.981137,89,2026-04-25 20:22:47.981137,89.0,False
162,Shipping,2026-04-25 22:09:47.981137,18,2026-04-25 21:51:47.981137,18.0,False
163,Receiving,2026-04-25 19:10:47.981137,88,,,False
163,Storage,2026-04-25 21:28:47.981137,138,2026-04-25 19:10:47.981137,138.0,True
163,Picking,2026-04-25 21:38:47.981137,10,2026-04-25 21:28:47.981137,10.0,False
163,Packing,2026-04-25 21:56:47.981137,18,2026-04-25 21:38:47.981137,18.0,False
163,Shipping,2026-04-25 22:31:47.981137,35,2026-04-25 21:56:47.981137,35.0,False
164,Receiving,2026-04-25 19:27:47.981137,105,,,True
164,Storage,2026-04-25 19:58:47.981137,31,2026-04-25 19:27:47.981137,31.0,False
164,Picking,2026-04-25 20:27:47.981137,29,2026-04-25 19:58:47.981137,29.0,False
164,Packing,2026-04-25 20:45:47.981137,18,2026-04-25 20:27:47.981137,18.0,False
164,Shipping,2026-04-25 20:55:47.981137,10,2026-04-25 20:45:47.981137,10.0,False
165,Receiving,2026-04-25 17:47:47.981137,5,,,False
165,Storage,2026-04-25 18:49:47.981137,62,2026-04-25 17:47:47.981137,62.0,False
165,Picking,2026-04-25 19:41:47.981137,52,2026-04-25 18:49:47.981137,52.0,False
165,Packing,2026-04-25 19:54:47.981137,13,2026-04-25 19:41:47.981137,13.0,False
165,Shipping,2026-04-25 20:15:47.981137,21,2026-04-25 19:54:47.981137,21.0,False
166,Receiving,2026-04-25 17:49:47.981137,7,,,False
166,Storage,2026-04-25 19:42:47.981137,113,2026-04-25 17:49:47.981137,113.0,True
166,Picking,2026-04-25 20:36:47.981137,54,2026-04-25 19:42:47.981137,54.0,False
166,Packing,2026-04-25 21:03:47.981137,27,2026-04-25 20:36:47.981137,27.0,False
166,Shipping,2026-04-25 21:22:47.981137,19,2026-04-25 21:03:47.981137,19.0,False
167,Receiving,2026-04-25 19:37:47.981137,115,,,True
167,Storage,2026-04-25 21:44:47.981137,127,2026-04-25 19:37:47.981137,127.0,True
167,Picking,2026-04-25 22:42:47.981137,58,2026-04-25 21:44:47.981137,58.0,False
167,Packing,2026-04-25 22:53:47.981137,11,2026-04-25 22:42:47.981137,11.0,False
167,Shipping,2026-04-25 23:17:47.981137,24,2026-04-25 22:53:47.981137,24.0,False
168,Receiving,2026-04-25 17:48:47.981137,6,,,False
168,Storage,2026-04-25 19:19:47.981137,91,2026-04-25 17:48:47.981137,91.0,True
168,Picking,2026-04-25 20:03:47.981137,44,2026-04-25 19:19:47.981137,44.0,False
168,Packing,2026-04-25 20:25:47.981137,22,2026-04-25 20:03:47.981137,22.0,False
168,Shipping,2026-04-25 22:38:47.981137,133,2026-04-25 20:25:47.981137,133.0,True
169,Receiving,2026-04-25 17:50:47.981137,8,,,False
169,Storage,2026-04-25 21:54:47.981137,244,2026-04-25 17:50:47.981137,244.0,True
169,Picking,2026-04-25 22:42:47.981137,48,2026-04-25 21:54:47.981137,48.0,False
169,Packing,2026-04-25 22:55:47.981137,13,2026-04-25 22:42:47.981137,13.0,False
169,Shipping,2026-04-25 23:17:47.981137,22,2026-04-25 22:55:47.981137,22.0,False
170,Receiving,2026-04-25 18:34:47.981137,52,,,False
170,Storage,2026-04-25 19:37:47.981137,63,2026-04-25 18:34:47.981137,63.0,False
170,Picking,2026-04-25 20:00:47.981137,23,2026-04-25 19:37:47.981137,23.0,False
170,Packing,2026-04-25 22:15:47.981137,135,2026-04-25 20:00:47.981137,135.0,True
170,Shipping,2026-04-25 22:39:47.981137,24,2026-04-25 22:15:47.981137,24.0,False
171,Receiving,2026-04-25 18:33:47.981137,51,,,False
171,Storage,2026-04-25 20:02:47.981137,89,2026-04-25 18:33:47.981137,89.0,False
171,Picking,2026-04-25 20:31:47.981137,29,2026-04-25 20:02:47.981137,29.0,False
171,Packing,2026-04-25 20:59:47.981137,28,2026-04-25 20:31:47.981137,28.0,False
171,Shipping,2026-04-25 21:24:47.981137,25,2026-04-25 20:59:47.981137,25.0,False
172,Receiving,2026-04-25 17:47:47.981137,5,,,False
172,Storage,2026-04-25 18:53:47.981137,66,2026-04-25 17:47:47.981137,66.0,False
172,Picking,2026-04-25 19:05:47.981137,12,2026-04-25 18:53:47.981137,12.0,False
172,Packing,2026-04-25 19:28:47.981137,23,2026-04-25 19:05:47.981137,23.0,False
172,Shipping,2026-04-25 20:07:47.981137,39,2026-04-25 19:28:47.981137,39.0,False
173,Receiving,2026-04-25 17:57:47.981137,15,,,False
173,Storage,2026-04-25 19:50:47.981137,113,2026-04-25 17:57:47.981137,113.0,True
173,Picking,2026-04-25 20:41:47.981137,51,2026-04-25 19:50:47.981137,51.0,False
173,Packing,2026-04-25 20:54:47.981137,13,2026-04-25 20:41:47.981137,13.0,False
173,Shipping,2026-04-25 21:13:47.981137,19,2026-04-25 20:54:47.981137,19.0,False
174,Receiving,2026-04-25 17:47:47.981137,5,,,False
174,Storage,2026-04-25 19:31:47.981137,104,2026-04-25 17:47:47.981137,104.0,True
174,Picking,2026-04-25 19:55:47.981137,24,2026-04-25 19:31:47.981137,24.0,False
174,Packing,2026-04-25 20:23:47.981137,28,2026-04-25 19:55:47.981137,28.0,False
174,Shipping,2026-04-25 22:54:47.981137,151,2026-04-25 20:23:47.981137,151.0,True
175,Receiving,2026-04-25 17:50:47.981137,8,,,False
175,Storage,2026-04-25 19:09:47.981137,79,2026-04-25 17:50:47.981137,79.0,False
175,Picking,2026-04-25 21:47:47.981137,158,2026-04-25 19:09:47.981137,158.0,True
175,Packing,2026-04-25 22:14:47.981137,27,2026-04-25 21:47:47.981137,27.0,False
175,Shipping,2026-04-25 22:36:47.981137,22,2026-04-25 22:14:47.981137,22.0,False
176,Receiving,2026-04-25 18:02:47.981137,20,,,False
176,Storage,2026-04-25 20:36:47.981137,154,2026-04-25 18:02:47.981137,154.0,True
176,Picking,2026-04-25 23:16:47.981137,160,2026-04-25 20:36:47.981137,160.0,True
176,Packing,2026-04-25 23:27:47.981137,11,2026-04-25 23:16:47.981137,11.0,False
176,Shipping,2026-04-26 00:08:47.981137,41,2026-04-25 23:27:47.981137,41.0,False
177,Receiving,2026-04-25 19:11:47.981137,89,,,False
177,Storage,2026-04-25 20:29:47.981137,78,2026-04-25 19:11:47.981137,78.0,False
177,Picking,2026-04-25 22:45:47.981137,136,2026-04-25 20:29:47.981137,136.0,True
177,Packing,2026-04-25 23:06:47.981137,21,2026-04-25 22:45:47.981137,21.0,False
177,Shipping,2026-04-25 23:51:47.981137,45,2026-04-25 23:06:47.981137,45.0,False
178,Receiving,2026-04-25 17:57:47.981137,15,,,False
178,Storage,2026-04-25 21:06:47.981137,189,2026-04-25 17:57:47.981137,189.0,True
178,Picking,2026-04-25 21:27:47.981137,21,2026-04-25 21:06:47.981137,21.0,False
178,Packing,2026-04-25 21:45:47.981137,18,2026-04-25 21:27:47.981137,18.0,False
178,Shipping,2026-04-25 23:14:47.981137,89,2026-04-25 21:45:47.981137,89.0,False
179,Receiving,2026-04-25 17:48:47.981137,6,,,False
179,Storage,2026-04-25 20:26:47.981137,158,2026-04-25 17:48:47.981137,158.0,True
179,Picking,2026-04-25 21:17:47.981137,51,2026-04-25 20:26:47.981137,51.0,False
179,Packing,2026-04-25 21:43:47.981137,26,2026-04-25 21:17:47.981137,26.0,False
179,Shipping,2026-04-25 21:58:47.981137,15,2026-04-25 21:43:47.981137,15.0,False
180,Receiving,2026-04-25 17:50:47.981137,8,,,False
180,Storage,2026-04-25 20:06:47.981137,136,2026-04-25 17:50:47.981137,136.0,True
180,Picking,2026-04-25 20:16:47.981137,10,2026-04-25 20:06:47.981137,10.0,False
180,Packing,2026-04-25 20:38:47.981137,22,2026-04-25 20:16:47.981137,22.0,False
180,Shipping,2026-04-25 21:19:47.981137,41,2026-04-25 20:38:47.981137,41.0,False
181,Receiving,2026-04-25 17:49:47.981137,7,,,False
181,Storage,2026-04-25 18:39:47.981137,50,2026-04-25 17:49:47.981137,50.0,False
181,Picking,2026-04-25 19:17:47.981137,38,2026-04-25 18:39:47.981137,38.0,False
181,Packing,2026-04-25 19:29:47.981137,12,2026-04-25 19:17:47.981137,12.0,False
181,Shipping,2026-04-25 20:01:47.981137,32,2026-04-25 19:29:47.981137,32.0,False
182,Receiving,2026-04-25 18:02:47.981137,20,,,False
182,Storage,2026-04-25 19:59:47.981137,117,2026-04-25 18:02:47.981137,117.0,True
182,Picking,2026-04-25 20:54:47.981137,55,2026-04-25 19:59:47.981137,55.0,False
182,Packing,2026-04-25 21:03:47.981137,9,2026-04-25 20:54:47.981137,9.0,False
182,Shipping,2026-04-25 21:14:47.981137,11,2026-04-25 21:03:47.981137,11.0,False
183,Receiving,2026-04-25 18:02:47.981137,20,,,False
183,Storage,2026-04-25 20:21:47.981137,139,2026-04-25 18:02:47.981137,139.0,True
183,Picking,2026-04-25 21:05:47.981137,44,2026-04-25 20:21:47.981137,44.0,False
183,Packing,2026-04-25 21:26:47.981137,21,2026-04-25 21:05:47.981137,21.0,False
183,Shipping,2026-04-25 23:14:47.981137,108,2026-04-25 21:26:47.981137,108.0,True
184,Receiving,2026-04-25 17:51:47.981137,9,,,False
184,Storage,2026-04-25 19:48:47.981137,117,2026-04-25 17:51:47.981137,117.0,True
184,Picking,2026-04-25 20:47:47.981137,59,2026-04-25 19:48:47.981137,59.0,False
184,Packing,2026-04-25 20:57:47.981137,10,2026-04-25 20:47:47.981137,10.0,False
184,Shipping,2026-04-25 22:52:47.981137,115,2026-04-25 20:57:47.981137,115.0,True
185,Receiving,2026-04-25 17:53:47.981137,11,,,False
185,Storage,2026-04-25 20:58:47.981137,185,2026-04-25 17:53:47.981137,185.0,True
185,Picking,2026-04-25 21:34:47.981137,36,2026-04-25 20:58:47.981137,36.0,False
185,Packing,2026-04-25 22:02:47.981137,28,2026-04-25 21:34:47.981137,28.0,False
185,Shipping,2026-04-25 22:26:47.981137,24,2026-04-25 22:02:47.981137,24.0,False
186,Receiving,2026-04-25 17:58:47.981137,16,,,False
186,Storage,2026-04-25 18:29:47.981137,31,2026-04-25 17:58:47.981137,31.0,False
186,Picking,2026-04-25 18:47:47.981137,18,2026-04-25 18:29:47.981137,18.0,False
186,Packing,2026-04-25 19:17:47.981137,30,2026-04-25 18:47:47.981137,30.0,False
186,Shipping,2026-04-25 19:34:47.981137,17,2026-04-25 19:17:47.981137,17.0,False
187,Receiving,2026-04-25 17:58:47.981137,16,,,False
187,Storage,2026-04-25 19:35:47.981137,97,2026-04-25 17:58:47.981137,97.0,True
187,Picking,2026-04-25 20:18:47.981137,43,2026-04-25 19:35:47.981137,43.0,False
187,Packing,2026-04-25 20:40:47.981137,22,2026-04-25 20:18:47.981137,22.0,False
187,Shipping,2026-04-25 21:01:47.981137,21,2026-04-25 20:40:47.981137,21.0,False
188,Receiving,2026-04-25 18:43:47.981137,61,,,False
188,Storage,2026-04-25 19:59:47.981137,76,2026-04-25 18:43:47.981137,76.0,False
188,Picking,2026-04-25 20:17:47.981137,18,2026-04-25 19:59:47.981137,18.0,False
188,Packing,2026-04-25 21:17:47.981137,60,2026-04-25 20:17:47.981137,60.0,False
188,Shipping,2026-04-25 23:34:47.981137,137,2026-04-25 21:17:47.981137,137.0,True
189,Receiving,2026-04-25 17:59:47.981137,17,,,False
189,Storage,2026-04-25 20:59:47.981137,180,2026-04-25 17:59:47.981137,180.0,True
189,Picking,2026-04-25 21:42:47.981137,43,2026-04-25 20:59:47.981137,43.0,False
189,Packing,2026-04-25 23:32:47.981137,110,2026-04-25 21:42:47.981137,110.0,True
189,Shipping,2026-04-25 23:45:47.981137,13,2026-04-25 23:32:47.981137,13.0,False
190,Receiving,2026-04-25 17:48:47.981137,6,,,False
190,Storage,2026-04-25 19:33:47.981137,105,2026-04-25 17:48:47.981137,105.0,True
190,Picking,2026-04-25 20:11:47.981137,38,2026-04-25 19:33:47.981137,38.0,False
190,Packing,2026-04-25 20:33:47.981137,22,2026-04-25 20:11:47.981137,22.0,False
190,Shipping,2026-04-25 20:44:47.981137,11,2026-04-25 20:33:47.981137,11.0,False
191,Receiving,2026-04-25 17:50:47.981137,8,,,False
191,Storage,2026-04-25 19:55:47.981137,125,2026-04-25 17:50:47.981137,125.0,True
191,Picking,2026-04-25 22:02:47.981137,127,2026-04-25 19:55:47.981137,127.0,True
191,Packing,2026-04-25 22:25:47.981137,23,2026-04-25 22:02:47.981137,23.0,False
191,Shipping,2026-04-25 22:35:47.981137,10,2026-04-25 22:25:47.981137,10.0,False
192,Receiving,2026-04-25 17:59:47.981137,17,,,False
192,Storage,2026-04-25 20:15:47.981137,136,2026-04-25 17:59:47.981137,136.0,True
192,Picking,2026-04-25 20:58:47.981137,43,2026-04-25 20:15:47.981137,43.0,False
192,Packing,2026-04-25 21:27:47.981137,29,2026-04-25 20:58:47.981137,29.0,False
192,Shipping,2026-04-25 21:50:47.981137,23,2026-04-25 21:27:47.981137,23.0,False
193,Receiving,2026-04-25 17:47:47.981137,5,,,False
193,Storage,2026-04-25 20:28:47.981137,161,2026-04-25 17:47:47.981137,161.0,True
193,Picking,2026-04-25 23:18:47.981137,170,2026-04-25 20:28:47.981137,170.0,True
193,Packing,2026-04-25 23:25:47.981137,7,2026-04-25 23:18:47.981137,7.0,False
193,Shipping,2026-04-26 00:01:47.981137,36,2026-04-25 23:25:47.981137,36.0,False
194,Receiving,2026-04-25 18:01:47.981137,19,,,False
194,Storage,2026-04-25 19:15:47.981137,74,2026-04-25 18:01:47.981137,74.0,False
194,Picking,2026-04-25 19:38:47.981137,23,2026-04-25 19:15:47.981137,23.0,False
194,Packing,2026-04-25 19:46:47.981137,8,2026-04-25 19:38:47.981137,8.0,False
194,Shipping,2026-04-25 20:02:47.981137,16,2026-04-25 19:46:47.981137,16.0,False
195,Receiving,2026-04-25 17:57:47.981137,15,,,False
195,Storage,2026-04-25 18:54:47.981137,57,2026-04-25 17:57:47.981137,57.0,False
195,Picking,2026-04-25 19:51:47.981137,57,2026-04-25 18:54:47.981137,57.0,False
195,Packing,2026-04-25 20:17:47.981137,26,2026-04-25 19:51:47.981137,26.0,False
195,Shipping,2026-04-25 20:44:47.981137,27,2026-04-25 20:17:47.981137,27.0,False
196,Receiving,2026-04-25 19:18:47.981137,96,,,True
196,Storage,2026-04-25 23:09:47.981137,231,2026-04-25 19:18:47.981137,231.0,True
196,Picking,2026-04-25 23:43:47.981137,34,2026-04-25 23:09:47.981137,34.0,False
196,Packing,2026-04-26 01:25:47.981137,102,2026-04-25 23:43:47.981137,102.0,True
196,Shipping,2026-04-26 02:10:47.981137,45,2026-04-26 01:25:47.981137,45.0,False
197,Receiving,2026-04-25 17:52:47.981137,10,,,False
197,Storage,2026-04-25 20:32:47.981137,160,2026-04-25 17:52:47.981137,160.0,True
197,Picking,2026-04-25 21:30:47.981137,58,2026-04-25 20:32:47.981137,58.0,False
197,Packing,2026-04-25 22:30:47.981137,60,2026-04-25 21:30:47.981137,60.0,False
197,Shipping,2026-04-25 23:09:47.981137,39,2026-04-25 22:30:47.981137,39.0,False
198,Receiving,2026-04-25 17:52:47.981137,10,,,False
198,Storage,2026-04-25 19:46:47.981137,114,2026-04-25 17:52:47.981137,114.0,True
198,Picking,2026-04-25 20:27:47.981137,41,2026-04-25 19:46:47.981137,41.0,False
198,Packing,2026-04-25 20:33:47.981137,6,2026-04-25 20:27:47.981137,6.0,False
198,Shipping,2026-04-25 21:15:47.981137,42,2026-04-25 20:33:47.981137,42.0,False
199,Receiving,2026-04-25 17:49:47.981137,7,,,False
199,Storage,2026-04-25 19:39:47.981137,110,2026-04-25 17:49:47.981137,110.0,True
199,Picking,2026-04-25 21:10:47.981137,91,2026-04-25 19:39:47.981137,91.0,True
199,Packing,2026-04-25 23:17:47.981137,127,2026-04-25 21:10:47.981137,127.0,True
199,Shipping,2026-04-25 23:29:47.981137,12,2026-04-25 23:17:47.981137,12.0,False
200,Receiving,2026-04-25 17:49:47.981137,7,,,False
200,Storage,2026-04-25 19:55:47.981137,126,2026-04-25 17:49:47.981137,126.0,True
200,Picking,2026-04-25 20:47:47.981137,52,2026-04-25 19:55:47.981137,52.0,False
200,Packing,2026-04-25 21:03:47.981137,16,2026-04-25 20:47:47.981137,16.0,False
200,Shipping,2026-04-25 21:48:47.981137,45,2026-04-25 21:03:47.981137,45.0,False
201,Receiving,2026-04-25 19:44:47.981137,122,,,True
201,Storage,2026-04-25 20:47:47.981137,63,2026-04-25 19:44:47.981137,63.0,False
201,Picking,2026-04-25 21:24:47.981137,37,2026-04-25 20:47:47.981137,37.0,False
201,Packing,2026-04-25 23:04:47.981137,100,2026-04-25 21:24:47.981137,100.0,True
201,Shipping,2026-04-25 23:22:47.981137,18,2026-04-25 23:04:47.981137,18.0,False
202,Receiving,2026-04-25 17:55:47.981137,13,,,False
202,Storage,2026-04-25 19:50:47.981137,115,2026-04-25 17:55:47.981137,115.0,True
202,Picking,2026-04-25 22:26:47.981137,156,2026-04-25 19:50:47.981137,156.0,True
202,Packing,2026-04-25 22:32:47.981137,6,2026-04-25 22:26:47.981137,6.0,False
202,Shipping,2026-04-25 23:15:47.981137,43,2026-04-25 22:32:47.981137,43.0,False
203,Receiving,2026-04-25 17:54:47.981137,12,,,False
203,Storage,2026-04-25 18:29:47.981137,35,2026-04-25 17:54:47.981137,35.0,False
203,Picking,2026-04-25 18:51:47.981137,22,2026-04-25 18:29:47.981137,22.0,False
203,Packing,2026-04-25 19:15:47.981137,24,2026-04-25 18:51:47.981137,24.0,False
203,Shipping,2026-04-25 19:59:47.981137,44,2026-04-25 19:15:47.981137,44.0,False
204,Receiving,2026-04-25 17:58:47.981137,16,,,False
204,Storage,2026-04-25 20:08:47.981137,130,2026-04-25 17:58:47.981137,130.0,True
204,Picking,2026-04-25 20:21:47.981137,13,2026-04-25 20:08:47.981137,13.0,False
204,Packing,2026-04-25 20:39:47.981137,18,2026-04-25 20:21:47.981137,18.0,False
204,Shipping,2026-04-25 21:20:47.981137,41,2026-04-25 20:39:47.981137,41.0,False
205,Receiving,2026-04-25 17:54:47.981137,12,,,False
205,Storage,2026-04-25 20:08:47.981137,134,2026-04-25 17:54:47.981137,134.0,True
205,Picking,2026-04-25 22:40:47.981137,152,2026-04-25 20:08:47.981137,152.0,True
205,Packing,2026-04-25 22:49:47.981137,9,2026-04-25 22:40:47.981137,9.0,False
205,Shipping,2026-04-25 23:07:47.981137,18,2026-04-25 22:49:47.981137,18.0,False
206,Receiving,2026-04-25 18:34:47.981137,52,,,False
206,Storage,2026-04-25 19:18:47.981137,44,2026-04-25 18:34:47.981137,44.0,False
206,Picking,2026-04-25 20:01:47.981137,43,2026-04-25 19:18:47.981137,43.0,False
206,Packing,2026-04-25 20:13:47.981137,12,2026-04-25 20:01:47.981137,12.0,False
206,Shipping,2026-04-25 20:51:47.981137,38,2026-04-25 20:13:47.981137,38.0,False
207,Receiving,2026-04-25 18:01:47.981137,19,,,False
207,Storage,2026-04-25 21:06:47.981137,185,2026-04-25 18:01:47.981137,185.0,True
207,Picking,2026-04-25 21:43:47.981137,37,2026-04-25 21:06:47.981137,37.0,False
207,Packing,2026-04-25 22:06:47.981137,23,2026-04-25 21:43:47.981137,23.0,False
207,Shipping,2026-04-25 22:35:47.981137,29,2026-04-25 22:06:47.981137,29.0,False
208,Receiving,2026-04-25 17:54:47.981137,12,,,False
208,Storage,2026-04-25 19:42:47.981137,108,2026-04-25 17:54:47.981137,108.0,True
208,Picking,2026-04-25 20:41:47.981137,59,2026-04-25 19:42:47.981137,59.0,False
208,Packing,2026-04-25 21:06:47.981137,25,2026-04-25 20:41:47.981137,25.0,False
208,Shipping,2026-04-25 21:17:47.981137,11,2026-04-25 21:06:47.981137,11.0,False
209,Receiving,2026-04-25 17:47:47.981137,5,,,False
209,Storage,2026-04-25 19:15:47.981137,88,2026-04-25 17:47:47.981137,88.0,False
209,Picking,2026-04-25 21:00:47.981137,105,2026-04-25 19:15:47.981137,105.0,True
209,Packing,2026-04-25 21:07:47.981137,7,2026-04-25 21:00:47.981137,7.0,False
209,Shipping,2026-04-25 22:50:47.981137,103,2026-04-25 21:07:47.981137,103.0,True
210,Receiving,2026-04-25 17:54:47.981137,12,,,False
210,Storage,2026-04-25 19:38:47.981137,104,2026-04-25 17:54:47.981137,104.0,True
210,Picking,2026-04-25 21:20:47.981137,102,2026-04-25 19:38:47.981137,102.0,True
210,Packing,2026-04-25 21:44:47.981137,24,2026-04-25 21:20:47.981137,24.0,False
210,Shipping,2026-04-25 22:15:47.981137,31,2026-04-25 21:44:47.981137,31.0,False
211,Receiving,2026-04-25 17:55:47.981137,13,,,False
211,Storage,2026-04-25 18:50:47.981137,55,2026-04-25 17:55:47.981137,55.0,False
211,Picking,2026-04-25 19:25:47.981137,35,2026-04-25 18:50:47.981137,35.0,False
211,Packing,2026-04-25 19:50:47.981137,25,2026-04-25 19:25:47.981137,25.0,False
211,Shipping,2026-04-25 20:07:47.981137,17,2026-04-25 19:50:47.981137,17.0,False
212,Receiving,2026-04-25 17:50:47.981137,8,,,False
212,Storage,2026-04-25 19:43:47.981137,113,2026-04-25 17:50:47.981137,113.0,True
212,Picking,2026-04-25 21:40:47.981137,117,2026-04-25 19:43:47.981137,117.0,True
212,Packing,2026-04-25 22:05:47.981137,25,2026-04-25 21:40:47.981137,25.0,False
212,Shipping,2026-04-25 22:27:47.981137,22,2026-04-25 22:05:47.981137,22.0,False
213,Receiving,2026-04-25 18:01:47.981137,19,,,False
213,Storage,2026-04-25 19:28:47.981137,87,2026-04-25 18:01:47.981137,87.0,False
213,Picking,2026-04-25 20:01:47.981137,33,2026-04-25 19:28:47.981137,33.0,False
213,Packing,2026-04-25 20:19:47.981137,18,2026-04-25 20:01:47.981137,18.0,False
213,Shipping,2026-04-25 20:59:47.981137,40,2026-04-25 20:19:47.981137,40.0,False
214,Receiving,2026-04-25 17:53:47.981137,11,,,False
214,Storage,2026-04-25 20:46:47.981137,173,2026-04-25 17:53:47.981137,173.0,True
214,Picking,2026-04-25 21:29:47.981137,43,2026-04-25 20:46:47.981137,43.0,False
214,Packing,2026-04-25 21:40:47.981137,11,2026-04-25 21:29:47.981137,11.0,False
214,Shipping,2026-04-25 23:29:47.981137,109,2026-04-25 21:40:47.981137,109.0,True
215,Receiving,2026-04-25 17:58:47.981137,16,,,False
215,Storage,2026-04-25 20:40:47.981137,162,2026-04-25 17:58:47.981137,162.0,True
215,Picking,2026-04-25 21:37:47.981137,57,2026-04-25 20:40:47.981137,57.0,False
215,Packing,2026-04-25 21:44:47.981137,7,2026-04-25 21:37:47.981137,7.0,False
215,Shipping,2026-04-25 22:23:47.981137,39,2026-04-25 21:44:47.981137,39.0,False
216,Receiving,2026-04-25 17:51:47.981137,9,,,False
216,Storage,2026-04-25 19:25:47.981137,94,2026-04-25 17:51:47.981137,94.0,True
216,Picking,2026-04-25 20:14:47.981137,49,2026-04-25 19:25:47.981137,49.0,False
216,Packing,2026-04-25 20:26:47.981137,12,2026-04-25 20:14:47.981137,12.0,False
216,Shipping,2026-04-25 20:36:47.981137,10,2026-04-25 20:26:47.981137,10.0,False
217,Receiving,2026-04-25 17:48:47.981137,6,,,False
217,Storage,2026-04-25 19:08:47.981137,80,2026-04-25 17:48:47.981137,80.0,False
217,Picking,2026-04-25 19:35:47.981137,27,2026-04-25 19:08:47.981137,27.0,False
217,Packing,2026-04-25 20:04:47.981137,29,2026-04-25 19:35:47.981137,29.0,False
217,Shipping,2026-04-25 20:23:47.981137,19,2026-04-25 20:04:47.981137,19.0,False
218,Receiving,2026-04-25 17:53:47.981137,11,,,False
218,Storage,2026-04-25 20:34:47.981137,161,2026-04-25 17:53:47.981137,161.0,True
218,Picking,2026-04-25 20:56:47.981137,22,2026-04-25 20:34:47.981137,22.0,False
218,Packing,2026-04-25 21:07:47.981137,11,2026-04-25 20:56:47.981137,11.0,False
218,Shipping,2026-04-25 23:39:47.981137,152,2026-04-25 21:07:47.981137,152.0,True
219,Receiving,2026-04-25 17:57:47.981137,15,,,False
219,Storage,2026-04-25 20:39:47.981137,162,2026-04-25 17:57:47.981137,162.0,True
219,Picking,2026-04-25 21:38:47.981137,59,2026-04-25 20:39:47.981137,59.0,False
219,Packing,2026-04-25 23:31:47.981137,113,2026-04-25 21:38:47.981137,113.0,True
219,Shipping,2026-04-26 01:40:47.981137,129,2026-04-25 23:31:47.981137,129.0,True
220,Receiving,2026-04-25 19:28:47.981137,106,,,True
220,Storage,2026-04-25 21:13:47.981137,105,2026-04-25 19:28:47.981137,105.0,True
220,Picking,2026-04-25 21:25:47.981137,12,2026-04-25 21:13:47.981137,12.0,False
220,Packing,2026-04-25 21:54:47.981137,29,2026-04-25 21:25:47.981137,29.0,False
220,Shipping,2026-04-25 22:08:47.981137,14,2026-04-25 21:54:47.981137,14.0,False
221,Receiving,2026-04-25 17:56:47.981137,14,,,False
221,Storage,2026-04-25 21:23:47.981137,207,2026-04-25 17:56:47.981137,207.0,True
221,Picking,2026-04-25 22:06:47.981137,43,2026-04-25 21:23:47.981137,43.0,False
221,Packing,2026-04-25 22:36:47.981137,30,2026-04-25 22:06:47.981137,30.0,False
221,Shipping,2026-04-25 23:01:47.981137,25,2026-04-25 22:36:47.981137,25.0,False
222,Receiving,2026-04-25 18:00:47.981137,18,,,False
222,Storage,2026-04-25 18:37:47.981137,37,2026-04-25 18:00:47.981137,37.0,False
222,Picking,2026-04-25 19:07:47.981137,30,2026-04-25 18:37:47.981137,30.0,False
222,Packing,2026-04-25 19:29:47.981137,22,2026-04-25 19:07:47.981137,22.0,False
222,Shipping,2026-04-25 21:10:47.981137,101,2026-04-25 19:29:47.981137,101.0,True
223,Receiving,2026-04-25 17:57:47.981137,15,,,False
223,Storage,2026-04-25 19:04:47.981137,67,2026-04-25 17:57:47.981137,67.0,False
223,Picking,2026-04-25 19:52:47.981137,48,2026-04-25 19:04:47.981137,48.0,False
223,Packing,2026-04-25 19:57:47.981137,5,2026-04-25 19:52:47.981137,5.0,False
223,Shipping,2026-04-25 20:23:47.981137,26,2026-04-25 19:57:47.981137,26.0,False
224,Receiving,2026-04-25 18:27:47.981137,45,,,False
224,Storage,2026-04-25 19:26:47.981137,59,2026-04-25 18:27:47.981137,59.0,False
224,Picking,2026-04-25 20:01:47.981137,35,2026-04-25 19:26:47.981137,35.0,False
224,Packing,2026-04-25 20:21:47.981137,20,2026-04-25 20:01:47.981137,20.0,False
224,Shipping,2026-04-25 20:49:47.981137,28,2026-04-25 20:21:47.981137,28.0,False
225,Receiving,2026-04-25 17:54:47.981137,12,,,False
225,Storage,2026-04-25 19:50:47.981137,116,2026-04-25 17:54:47.981137,116.0,True
225,Picking,2026-04-25 20:18:47.981137,28,2026-04-25 19:50:47.981137,28.0,False
225,Packing,2026-04-25 20:24:47.981137,6,2026-04-25 20:18:47.981137,6.0,False
225,Shipping,2026-04-25 20:54:47.981137,30,2026-04-25 20:24:47.981137,30.0,False
226,Receiving,2026-04-25 18:02:47.981137,20,,,False
226,Storage,2026-04-25 18:50:47.981137,48,2026-04-25 18:02:47.981137,48.0,False
226,Picking,2026-04-25 19:03:47.981137,13,2026-04-25 18:50:47.981137,13.0,False
226,Packing,2026-04-25 19:12:47.981137,9,2026-04-25 19:03:47.981137,9.0,False
226,Shipping,2026-04-25 19:34:47.981137,22,2026-04-25 19:12:47.981137,22.0,False
227,Receiving,2026-04-25 17:49:47.981137,7,,,False
227,Storage,2026-04-25 18:44:47.981137,55,2026-04-25 17:49:47.981137,55.0,False
227,Picking,2026-04-25 19:10:47.981137,26,2026-04-25 18:44:47.981137,26.0,False
227,Packing,2026-04-25 19:39:47.981137,29,2026-04-25 19:10:47.981137,29.0,False
227,Shipping,2026-04-25 20:17:47.981137,38,2026-04-25 19:39:47.981137,38.0,False
228,Receiving,2026-04-25 18:46:47.981137,64,,,False
228,Storage,2026-04-25 19:47:47.981137,61,2026-04-25 18:46:47.981137,61.0,False
228,Picking,2026-04-25 20:01:47.981137,14,2026-04-25 19:47:47.981137,14.0,False
228,Packing,2026-04-25 20:12:47.981137,11,2026-04-25 20:01:47.981137,11.0,False
228,Shipping,2026-04-25 20:55:47.981137,43,2026-04-25 20:12:47.981137,43.0,False
229,Receiving,2026-04-25 17:53:47.981137,11,,,False
229,Storage,2026-04-25 20:27:47.981137,154,2026-04-25 17:53:47.981137,154.0,True
229,Picking,2026-04-25 20:41:47.981137,14,2026-04-25 20:27:47.981137,14.0,False
229,Packing,2026-04-25 20:46:47.981137,5,2026-04-25 20:41:47.981137,5.0,False
229,Shipping,2026-04-25 21:02:47.981137,16,2026-04-25 20:46:47.981137,16.0,False
230,Receiving,2026-04-25 17:54:47.981137,12,,,False
230,Storage,2026-04-25 20:00:47.981137,126,2026-04-25 17:54:47.981137,126.0,True
230,Picking,2026-04-25 20:45:47.981137,45,2026-04-25 20:00:47.981137,45.0,False
230,Packing,2026-04-25 21:09:47.981137,24,2026-04-25 20:45:47.981137,24.0,False
230,Shipping,2026-04-25 22:25:47.981137,76,2026-04-25 21:09:47.981137,76.0,False
231,Receiving,2026-04-25 17:57:47.981137,15,,,False
231,Storage,2026-04-25 19:46:47.981137,109,2026-04-25 17:57:47.981137,109.0,True
231,Picking,2026-04-25 20:09:47.981137,23,2026-04-25 19:46:47.981137,23.0,False
231,Packing,2026-04-25 20:20:47.981137,11,2026-04-25 20:09:47.981137,11.0,False
231,Shipping,2026-04-25 22:39:47.981137,139,2026-04-25 20:20:47.981137,139.0,True
232,Receiving,2026-04-25 17:58:47.981137,16,,,False
232,Storage,2026-04-25 20:54:47.981137,176,2026-04-25 17:58:47.981137,176.0,True
232,Picking,2026-04-25 21:53:47.981137,59,2026-04-25 20:54:47.981137,59.0,False
232,Packing,2026-04-25 23:21:47.981137,88,2026-04-25 21:53:47.981137,88.0,False
232,Shipping,2026-04-26 00:43:47.981137,82,2026-04-25 23:21:47.981137,82.0,False
233,Receiving,2026-04-25 18:00:47.981137,18,,,False
233,Storage,2026-04-25 19:11:47.981137,71,2026-04-25 18:00:47.981137,71.0,False
233,Picking,2026-04-25 19:21:47.981137,10,2026-04-25 19:11:47.981137,10.0,False
233,Packing,2026-04-25 19:39:47.981137,18,2026-04-25 19:21:47.981137,18.0,False
233,Shipping,2026-04-25 20:13:47.981137,34,2026-04-25 19:39:47.981137,34.0,False
234,Receiving,2026-04-25 17:47:47.981137,5,,,False
234,Storage,2026-04-25 19:54:47.981137,127,2026-04-25 17:47:47.981137,127.0,True
234,Picking,2026-04-25 20:50:47.981137,56,2026-04-25 19:54:47.981137,56.0,False
234,Packing,2026-04-25 21:15:47.981137,25,2026-04-25 20:50:47.981137,25.0,False
234,Shipping,2026-04-25 21:47:47.981137,32,2026-04-25 21:15:47.981137,32.0,False
235,Receiving,2026-04-25 18:33:47.981137,51,,,False
235,Storage,2026-04-25 20:21:47.981137,108,2026-04-25 18:33:47.981137,108.0,True
235,Picking,2026-04-25 20:52:47.981137,31,2026-04-25 20:21:47.981137,31.0,False
235,Packing,2026-04-25 20:59:47.981137,7,2026-04-25 20:52:47.981137,7.0,False
235,Shipping,2026-04-25 21:22:47.981137,23,2026-04-25 20:59:47.981137,23.0,False
236,Receiving,2026-04-25 17:51:47.981137,9,,,False
236,Storage,2026-04-25 20:01:47.981137,130,2026-04-25 17:51:47.981137,130.0,True
236,Picking,2026-04-25 20:30:47.981137,29,2026-04-25 20:01:47.981137,29.0,False
236,Packing,2026-04-25 20:57:47.981137,27,2026-04-25 20:30:47.981137,27.0,False
236,Shipping,2026-04-25 21:38:47.981137,41,2026-04-25 20:57:47.981137,41.0,False
237,Receiving,2026-04-25 17:58:47.981137,16,,,False
237,Storage,2026-04-25 20:28:47.981137,150,2026-04-25 17:58:47.981137,150.0,True
237,Picking,2026-04-25 22:12:47.981137,104,2026-04-25 20:28:47.981137,104.0,True
237,Packing,2026-04-25 23:36:47.981137,84,2026-04-25 22:12:47.981137,84.0,False
237,Shipping,2026-04-26 00:00:47.981137,24,2026-04-25 23:36:47.981137,24.0,False
238,Receiving,2026-04-25 18:38:47.981137,56,,,False
238,Storage,2026-04-25 20:52:47.981137,134,2026-04-25 18:38:47.981137,134.0,True
238,Picking,2026-04-25 21:38:47.981137,46,2026-04-25 20:52:47.981137,46.0,False
238,Packing,2026-04-25 22:07:47.981137,29,2026-04-25 21:38:47.981137,29.0,False
238,Shipping,2026-04-25 22:49:47.981137,42,2026-04-25 22:07:47.981137,42.0,False
239,Receiving,2026-04-25 17:50:47.981137,8,,,False
239,Storage,2026-04-25 19:39:47.981137,109,2026-04-25 17:50:47.981137,109.0,True
239,Picking,2026-04-25 19:59:47.981137,20,2026-04-25 19:39:47.981137,20.0,False
239,Packing,2026-04-25 20:15:47.981137,16,2026-04-25 19:59:47.981137,16.0,False
239,Shipping,2026-04-25 20:26:47.981137,11,2026-04-25 20:15:47.981137,11.0,False
240,Receiving,2026-04-25 17:50:47.981137,8,,,False
240,Storage,2026-04-25 19:01:47.981137,71,2026-04-25 17:50:47.981137,71.0,False
240,Picking,2026-04-25 20:01:47.981137,60,2026-04-25 19:01:47.981137,60.0,False
240,Packing,2026-04-25 22:08:47.981137,127,2026-04-25 20:01:47.981137,127.0,True
240,Shipping,2026-04-25 22:43:47.981137,35,2026-04-25 22:08:47.981137,35.0,False
241,Receiving,2026-04-25 17:50:47.981137,8,,,False
241,Storage,2026-04-25 19:36:47.981137,106,2026-04-25 17:50:47.981137,106.0,True
241,Picking,2026-04-25 20:27:47.981137,51,2026-04-25 19:36:47.981137,51.0,False
241,Packing,2026-04-25 20:52:47.981137,25,2026-04-25 20:27:47.981137,25.0,False
241,Shipping,2026-04-25 21:02:47.981137,10,2026-04-25 20:52:47.981137,10.0,False
242,Receiving,2026-04-25 17:56:47.981137,14,,,False
242,Storage,2026-04-25 22:03:47.981137,247,2026-04-25 17:56:47.981137,247.0,True
242,Picking,2026-04-25 22:14:47.981137,11,2026-04-25 22:03:47.981137,11.0,False
242,Packing,2026-04-25 22:36:47.981137,22,2026-04-25 22:14:47.981137,22.0,False
242,Shipping,2026-04-25 23:05:47.981137,29,2026-04-25 22:36:47.981137,29.0,False
243,Receiving,2026-04-25 17:50:47.981137,8,,,False
243,Storage,2026-04-25 19:21:47.981137,91,2026-04-25 17:50:47.981137,91.0,True
243,Picking,2026-04-25 20:16:47.981137,55,2026-04-25 19:21:47.981137,55.0,False
243,Packing,2026-04-25 20:28:47.981137,12,2026-04-25 20:16:47.981137,12.0,False
243,Shipping,2026-04-25 21:07:47.981137,39,2026-04-25 20:28:47.981137,39.0,False
244,Receiving,2026-04-25 17:51:47.981137,9,,,False
244,Storage,2026-04-25 18:41:47.981137,50,2026-04-25 17:51:47.981137,50.0,False
244,Picking,2026-04-25 19:14:47.981137,33,2026-04-25 18:41:47.981137,33.0,False
244,Packing,2026-04-25 19:21:47.981137,7,2026-04-25 19:14:47.981137,7.0,False
244,Shipping,2026-04-25 21:12:47.981137,111,2026-04-25 19:21:47.981137,111.0,True
245,Receiving,2026-04-25 18:42:47.981137,60,,,False
245,Storage,2026-04-25 20:56:47.981137,134,2026-04-25 18:42:47.981137,134.0,True
245,Picking,2026-04-25 21:25:47.981137,29,2026-04-25 20:56:47.981137,29.0,False
245,Packing,2026-04-25 21:33:47.981137,8,2026-04-25 21:25:47.981137,8.0,False
245,Shipping,2026-04-25 22:08:47.981137,35,2026-04-25 21:33:47.981137,35.0,False
246,Receiving,2026-04-25 17:54:47.981137,12,,,False
246,Storage,2026-04-25 19:15:47.981137,81,2026-04-25 17:54:47.981137,81.0,False
246,Picking,2026-04-25 20:09:47.981137,54,2026-04-25 19:15:47.981137,54.0,False
246,Packing,2026-04-25 22:28:47.981137,139,2026-04-25 20:09:47.981137,139.0,True
246,Shipping,2026-04-25 22:53:47.981137,25,2026-04-25 22:28:47.981137,25.0,False
247,Receiving,2026-04-25 17:48:47.981137,6,,,False
247,Storage,2026-04-25 19:57:47.981137,129,2026-04-25 17:48:47.981137,129.0,True
247,Picking,2026-04-25 20:41:47.981137,44,2026-04-25 19:57:47.981137,44.0,False
247,Packing,2026-04-25 20:57:47.981137,16,2026-04-25 20:41:47.981137,16.0,False
247,Shipping,2026-04-25 21:20:47.981137,23,2026-04-25 20:57:47.981137,23.0,False
248,Receiving,2026-04-25 17:49:47.981137,7,,,False
248,Storage,2026-04-25 18:20:47.981137,31,2026-04-25 17:49:47.981137,31.0,False
248,Picking,2026-04-25 18:52:47.981137,32,2026-04-25 18:20:47.981137,32.0,False
248,Packing,2026-04-25 19:20:47.981137,28,2026-04-25 18:52:47.981137,28.0,False
248,Shipping,2026-04-25 21:07:47.981137,107,2026-04-25 19:20:47.981137,107.0,True
249,Receiving,2026-04-25 17:49:47.981137,7,,,False
249,Storage,2026-04-25 18:34:47.981137,45,2026-04-25 17:49:47.981137,45.0,False
249,Picking,2026-04-25 19:02:47.981137,28,2026-04-25 18:34:47.981137,28.0,False
249,Packing,2026-04-25 19:23:47.981137,21,2026-04-25 19:02:47.981137,21.0,False
249,Shipping,2026-04-25 21:10:47.981137,107,2026-04-25 19:23:47.981137,107.0,True
250,Receiving,2026-04-25 17:53:47.981137,11,,,False
250,Storage,2026-04-25 20:25:47.981137,152,2026-04-25 17:53:47.981137,152.0,True
250,Picking,2026-04-25 20:56:47.981137,31,2026-04-25 20:25:47.981137,31.0,False
250,Packing,2026-04-25 21:18:47.981137,22,2026-04-25 20:56:47.981137,22.0,False
250,Shipping,2026-04-25 21:47:47.981137,29,2026-04-25 21:18:47.981137,29.0,False
251,Receiving,2026-04-25 17:49:47.981137,7,,,False
251,Storage,2026-04-25 18:20:47.981137,31,2026-04-25 17:49:47.981137,31.0,False
251,Picking,2026-04-25 20:31:47.981137,131,2026-04-25 18:20:47.981137,131.0,True
251,Packing,2026-04-25 20:49:47.981137,18,2026-04-25 20:31:47.981137,18.0,False
251,Shipping,2026-04-25 21:07:47.981137,18,2026-04-25 20:49:47.981137,18.0,False
252,Receiving,2026-04-25 17:57:47.981137,15,,,False
252,Storage,2026-04-25 19:51:47.981137,114,2026-04-25 17:57:47.981137,114.0,True
252,Picking,2026-04-25 20:04:47.981137,13,2026-04-25 19:51:47.981137,13.0,False
252,Packing,2026-04-25 21:04:47.981137,60,2026-04-25 20:04:47.981137,60.0,False
252,Shipping,2026-04-25 21:26:47.981137,22,2026-04-25 21:04:47.981137,22.0,False
253,Receiving,2026-04-25 17:48:47.981137,6,,,False
253,Storage,2026-04-25 19:23:47.981137,95,2026-04-25 17:48:47.981137,95.0,True
253,Picking,2026-04-25 20:15:47.981137,52,2026-04-25 19:23:47.981137,52.0,False
253,Packing,2026-04-25 20:22:47.981137,7,2026-04-25 20:15:47.981137,7.0,False
253,Shipping,2026-04-25 20:41:47.981137,19,2026-04-25 20:22:47.981137,19.0,False
254,Receiving,2026-04-25 18:02:47.981137,20,,,False
254,Storage,2026-04-25 19:23:47.981137,81,2026-04-25 18:02:47.981137,81.0,False
254,Picking,2026-04-25 22:12:47.981137,169,2026-04-25 19:23:47.981137,169.0,True
254,Packing,2026-04-25 22:41:47.981137,29,2026-04-25 22:12:47.981137,29.0,False
254,Shipping,2026-04-25 23:12:47.981137,31,2026-04-25 22:41:47.981137,31.0,False
255,Receiving,2026-04-25 17:56:47.981137,14,,,False
255,Storage,2026-04-25 19:33:47.981137,97,2026-04-25 17:56:47.981137,97.0,True
255,Picking,2026-04-25 21:49:47.981137,136,2026-04-25 19:33:47.981137,136.0,True
255,Packing,2026-04-25 22:10:47.981137,21,2026-04-25 21:49:47.981137,21.0,False
255,Shipping,2026-04-25 22:39:47.981137,29,2026-04-25 22:10:47.981137,29.0,False
256,Receiving,2026-04-25 18:02:47.981137,20,,,False
256,Storage,2026-04-25 20:48:47.981137,166,2026-04-25 18:02:47.981137,166.0,True
256,Picking,2026-04-25 21:21:47.981137,33,2026-04-25 20:48:47.981137,33.0,False
256,Packing,2026-04-25 21:48:47.981137,27,2026-04-25 21:21:47.981137,27.0,False
256,Shipping,2026-04-25 22:24:47.981137,36,2026-04-25 21:48:47.981137,36.0,False
257,Receiving,2026-04-25 17:50:47.981137,8,,,False
257,Storage,2026-04-25 19:38:47.981137,108,2026-04-25 17:50:47.981137,108.0,True
257,Picking,2026-04-25 20:16:47.981137,38,2026-04-25 19:38:47.981137,38.0,False
257,Packing,2026-04-25 20:24:47.981137,8,2026-04-25 20:16:47.981137,8.0,False
257,Shipping,2026-04-25 20:55:47.981137,31,2026-04-25 20:24:47.981137,31.0,False
258,Receiving,2026-04-25 17:52:47.981137,10,,,False
258,Storage,2026-04-25 19:54:47.981137,122,2026-04-25 17:52:47.981137,122.0,True
258,Picking,2026-04-25 20:44:47.981137,50,2026-04-25 19:54:47.981137,50.0,False
258,Packing,2026-04-25 21:00:47.981137,16,2026-04-25 20:44:47.981137,16.0,False
258,Shipping,2026-04-25 21:20:47.981137,20,2026-04-25 21:00:47.981137,20.0,False
259,Receiving,2026-04-25 17:50:47.981137,8,,,False
259,Storage,2026-04-25 19:38:47.981137,108,2026-04-25 17:50:47.981137,108.0,True
259,Picking,2026-04-25 20:01:47.981137,23,2026-04-25 19:38:47.981137,23.0,False
259,Packing,2026-04-25 20:18:47.981137,17,2026-04-25 20:01:47.981137,17.0,False
259,Shipping,2026-04-25 22:50:47.981137,152,2026-04-25 20:18:47.981137,152.0,True
260,Receiving,2026-04-25 17:49:47.981137,7,,,False
260,Storage,2026-04-25 19:25:47.981137,96,2026-04-25 17:49:47.981137,96.0,True
260,Picking,2026-04-25 20:20:47.981137,55,2026-04-25 19:25:47.981137,55.0,False
260,Packing,2026-04-25 20:27:47.981137,7,2026-04-25 20:20:47.981137,7.0,False
260,Shipping,2026-04-25 21:05:47.981137,38,2026-04-25 20:27:47.981137,38.0,False
261,Receiving,2026-04-25 17:55:47.981137,13,,,False
261,Storage,2026-04-25 19:12:47.981137,77,2026-04-25 17:55:47.981137,77.0,False
261,Picking,2026-04-25 19:51:47.981137,39,2026-04-25 19:12:47.981137,39.0,False
261,Packing,2026-04-25 20:11:47.981137,20,2026-04-25 19:51:47.981137,20.0,False
261,Shipping,2026-04-25 20:54:47.981137,43,2026-04-25 20:11:47.981137,43.0,False
262,Receiving,2026-04-25 17:48:47.981137,6,,,False
262,Storage,2026-04-25 21:15:47.981137,207,2026-04-25 17:48:47.981137,207.0,True
262,Picking,2026-04-25 22:02:47.981137,47,2026-04-25 21:15:47.981137,47.0,False
262,Packing,2026-04-25 23:16:47.981137,74,2026-04-25 22:02:47.981137,74.0,False
262,Shipping,2026-04-25 23:44:47.981137,28,2026-04-25 23:16:47.981137,28.0,False
263,Receiving,2026-04-25 17:55:47.981137,13,,,False
263,Storage,2026-04-25 20:30:47.981137,155,2026-04-25 17:55:47.981137,155.0,True
263,Picking,2026-04-25 20:49:47.981137,19,2026-04-25 20:30:47.981137,19.0,False
263,Packing,2026-04-25 21:10:47.981137,21,2026-04-25 20:49:47.981137,21.0,False
263,Shipping,2026-04-25 23:09:47.981137,119,2026-04-25 21:10:47.981137,119.0,True
264,Receiving,2026-04-25 17:54:47.981137,12,,,False
264,Storage,2026-04-25 20:16:47.981137,142,2026-04-25 17:54:47.981137,142.0,True
264,Picking,2026-04-25 21:07:47.981137,51,2026-04-25 20:16:47.981137,51.0,False
264,Packing,2026-04-25 21:28:47.981137,21,2026-04-25 21:07:47.981137,21.0,False
264,Shipping,2026-04-25 23:49:47.981137,141,2026-04-25 21:28:47.981137,141.0,True
265,Receiving,2026-04-25 18:38:47.981137,56,,,False
265,Storage,2026-04-25 20:38:47.981137,120,2026-04-25 18:38:47.981137,120.0,True
265,Picking,2026-04-25 21:29:47.981137,51,2026-04-25 20:38:47.981137,51.0,False
265,Packing,2026-04-25 21:35:47.981137,6,2026-04-25 21:29:47.981137,6.0,False
265,Shipping,2026-04-25 21:53:47.981137,18,2026-04-25 21:35:47.981137,18.0,False
266,Receiving,2026-04-25 17:52:47.981137,10,,,False
266,Storage,2026-04-25 19:05:47.981137,73,2026-04-25 17:52:47.981137,73.0,False
266,Picking,2026-04-25 20:52:47.981137,107,2026-04-25 19:05:47.981137,107.0,True
266,Packing,2026-04-25 21:13:47.981137,21,2026-04-25 20:52:47.981137,21.0,False
266,Shipping,2026-04-25 21:25:47.981137,12,2026-04-25 21:13:47.981137,12.0,False
267,Receiving,2026-04-25 17:57:47.981137,15,,,False
267,Storage,2026-04-25 19:43:47.981137,106,2026-04-25 17:57:47.981137,106.0,True
267,Picking,2026-04-25 20:06:47.981137,23,2026-04-25 19:43:47.981137,23.0,False
267,Packing,2026-04-25 22:08:47.981137,122,2026-04-25 20:06:47.981137,122.0,True
267,Shipping,2026-04-25 22:45:47.981137,37,2026-04-25 22:08:47.981137,37.0,False
268,Receiving,2026-04-25 18:02:47.981137,20,,,False
268,Storage,2026-04-25 18:54:47.981137,52,2026-04-25 18:02:47.981137,52.0,False
268,Picking,2026-04-25 19:24:47.981137,30,2026-04-25 18:54:47.981137,30.0,False
268,Packing,2026-04-25 19:47:47.981137,23,2026-04-25 19:24:47.981137,23.0,False
268,Shipping,2026-04-25 20:22:47.981137,35,2026-04-25 19:47:47.981137,35.0,False
269,Receiving,2026-04-25 17:54:47.981137,12,,,False
269,Storage,2026-04-25 19:28:47.981137,94,2026-04-25 17:54:47.981137,94.0,True
269,Picking,2026-04-25 20:14:47.981137,46,2026-04-25 19:28:47.981137,46.0,False
269,Packing,2026-04-25 20:25:47.981137,11,2026-04-25 20:14:47.981137,11.0,False
269,Shipping,2026-04-25 21:43:47.981137,78,2026-04-25 20:25:47.981137,78.0,False
270,Receiving,2026-04-25 17:56:47.981137,14,,,False
270,Storage,2026-04-25 19:31:47.981137,95,2026-04-25 17:56:47.981137,95.0,True
270,Picking,2026-04-25 19:46:47.981137,15,2026-04-25 19:31:47.981137,15.0,False
270,Packing,2026-04-25 20:15:47.981137,29,2026-04-25 19:46:47.981137,29.0,False
270,Shipping,2026-04-25 20:44:47.981137,29,2026-04-25 20:15:47.981137,29.0,False
271,Receiving,2026-04-25 17:48:47.981137,6,,,False
271,Storage,2026-04-25 18:27:47.981137,39,2026-04-25 17:48:47.981137,39.0,False
271,Picking,2026-04-25 19:09:47.981137,42,2026-04-25 18:27:47.981137,42.0,False
271,Packing,2026-04-25 19:55:47.981137,46,2026-04-25 19:09:47.981137,46.0,False
271,Shipping,2026-04-25 20:31:47.981137,36,2026-04-25 19:55:47.981137,36.0,False
272,Receiving,2026-04-25 17:58:47.981137,16,,,False
272,Storage,2026-04-25 19:00:47.981137,62,2026-04-25 17:58:47.981137,62.0,False
272,Picking,2026-04-25 19:15:47.981137,15,2026-04-25 19:00:47.981137,15.0,False
272,Packing,2026-04-25 19:33:47.981137,18,2026-04-25 19:15:47.981137,18.0,False
272,Shipping,2026-04-25 19:50:47.981137,17,2026-04-25 19:33:47.981137,17.0,False
273,Receiving,2026-04-25 19:02:47.981137,80,,,False
273,Storage,2026-04-25 20:01:47.981137,59,2026-04-25 19:02:47.981137,59.0,False
273,Picking,2026-04-25 20:55:47.981137,54,2026-04-25 20:01:47.981137,54.0,False
273,Packing,2026-04-25 21:21:47.981137,26,2026-04-25 20:55:47.981137,26.0,False
273,Shipping,2026-04-25 21:35:47.981137,14,2026-04-25 21:21:47.981137,14.0,False
274,Receiving,2026-04-25 17:50:47.981137,8,,,False
274,Storage,2026-04-25 19:52:47.981137,122,2026-04-25 17:50:47.981137,122.0,True
274,Picking,2026-04-25 20:43:47.981137,51,2026-04-25 19:52:47.981137,51.0,False
274,Packing,2026-04-25 21:05:47.981137,22,2026-04-25 20:43:47.981137,22.0,False
274,Shipping,2026-04-25 21:23:47.981137,18,2026-04-25 21:05:47.981137,18.0,False
275,Receiving,2026-04-25 18:56:47.981137,74,,,False
275,Storage,2026-04-25 19:35:47.981137,39,2026-04-25 18:56:47.981137,39.0,False
275,Picking,2026-04-25 20:00:47.981137,25,2026-04-25 19:35:47.981137,25.0,False
275,Packing,2026-04-25 20:21:47.981137,21,2026-04-25 20:00:47.981137,21.0,False
275,Shipping,2026-04-25 21:30:47.981137,69,2026-04-25 20:21:47.981137,69.0,False
276,Receiving,2026-04-25 18:00:47.981137,18,,,False
276,Storage,2026-04-25 20:54:47.981137,174,2026-04-25 18:00:47.981137,174.0,True
276,Picking,2026-04-25 21:44:47.981137,50,2026-04-25 20:54:47.981137,50.0,False
276,Packing,2026-04-25 21:59:47.981137,15,2026-04-25 21:44:47.981137,15.0,False
276,Shipping,2026-04-25 22:19:47.981137,20,2026-04-25 21:59:47.981137,20.0,False
277,Receiving,2026-04-25 17:52:47.981137,10,,,False
277,Storage,2026-04-25 19:15:47.981137,83,2026-04-25 17:52:47.981137,83.0,False
277,Picking,2026-04-25 20:15:47.981137,60,2026-04-25 19:15:47.981137,60.0,False
277,Packing,2026-04-25 20:45:47.981137,30,2026-04-25 20:15:47.981137,30.0,False
277,Shipping,2026-04-25 20:55:47.981137,10,2026-04-25 20:45:47.981137,10.0,False
278,Receiving,2026-04-25 18:01:47.981137,19,,,False
278,Storage,2026-04-25 21:01:47.981137,180,2026-04-25 18:01:47.981137,180.0,True
278,Picking,2026-04-25 21:29:47.981137,28,2026-04-25 21:01:47.981137,28.0,False
278,Packing,2026-04-25 21:38:47.981137,9,2026-04-25 21:29:47.981137,9.0,False
278,Shipping,2026-04-25 21:58:47.981137,20,2026-04-25 21:38:47.981137,20.0,False
279,Receiving,2026-04-25 17:52:47.981137,10,,,False
279,Storage,2026-04-25 20:18:47.981137,146,2026-04-25 17:52:47.981137,146.0,True
279,Picking,2026-04-25 20:48:47.981137,30,2026-04-25 20:18:47.981137,30.0,False
279,Packing,2026-04-25 20:57:47.981137,9,2026-04-25 20:48:47.981137,9.0,False
279,Shipping,2026-04-25 21:40:47.981137,43,2026-04-25 20:57:47.981137,43.0,False
280,Receiving,2026-04-25 17:54:47.981137,12,,,False
280,Storage,2026-04-25 20:50:47.981137,176,2026-04-25 17:54:47.981137,176.0,True
280,Picking,2026-04-25 21:12:47.981137,22,2026-04-25 20:50:47.981137,22.0,False
280,Packing,2026-04-25 21:27:47.981137,15,2026-04-25 21:12:47.981137,15.0,False
280,Shipping,2026-04-25 22:01:47.981137,34,2026-04-25 21:27:47.981137,34.0,False
281,Receiving,2026-04-25 18:02:47.981137,20,,,False
281,Storage,2026-04-25 20:31:47.981137,149,2026-04-25 18:02:47.981137,149.0,True
281,Picking,2026-04-25 21:11:47.981137,40,2026-04-25 20:31:47.981137,40.0,False
281,Packing,2026-04-25 21:41:47.981137,30,2026-04-25 21:11:47.981137,30.0,False
281,Shipping,2026-04-25 23:44:47.981137,123,2026-04-25 21:41:47.981137,123.0,True
282,Receiving,2026-04-25 17:50:47.981137,8,,,False
282,Storage,2026-04-25 20:49:47.981137,179,2026-04-25 17:50:47.981137,179.0,True
282,Picking,2026-04-25 21:02:47.981137,13,2026-04-25 20:49:47.981137,13.0,False
282,Packing,2026-04-25 21:18:47.981137,16,2026-04-25 21:02:47.981137,16.0,False
282,Shipping,2026-04-25 21:43:47.981137,25,2026-04-25 21:18:47.981137,25.0,False
283,Receiving,2026-04-25 18:02:47.981137,20,,,False
283,Storage,2026-04-25 18:32:47.981137,30,2026-04-25 18:02:47.981137,30.0,False
283,Picking,2026-04-25 18:55:47.981137,23,2026-04-25 18:32:47.981137,23.0,False
283,Packing,2026-04-25 19:13:47.981137,18,2026-04-25 18:55:47.981137,18.0,False
283,Shipping,2026-04-25 19:51:47.981137,38,2026-04-25 19:13:47.981137,38.0,False
284,Receiving,2026-04-25 17:47:47.981137,5,,,False
284,Storage,2026-04-25 20:20:47.981137,153,2026-04-25 17:47:47.981137,153.0,True
284,Picking,2026-04-25 20:35:47.981137,15,2026-04-25 20:20:47.981137,15.0,False
284,Packing,2026-04-25 21:39:47.981137,64,2026-04-25 20:35:47.981137,64.0,False
284,Shipping,2026-04-25 21:55:47.981137,16,2026-04-25 21:39:47.981137,16.0,False
285,Receiving,2026-04-25 17:47:47.981137,5,,,False
285,Storage,2026-04-25 22:08:47.981137,261,2026-04-25 17:47:47.981137,261.0,True
285,Picking,2026-04-26 00:23:47.981137,135,2026-04-25 22:08:47.981137,135.0,True
285,Packing,2026-04-26 00:34:47.981137,11,2026-04-26 00:23:47.981137,11.0,False
285,Shipping,2026-04-26 01:15:47.981137,41,2026-04-26 00:34:47.981137,41.0,False
286,Receiving,2026-04-25 18:02:47.981137,20,,,False
286,Storage,2026-04-25 21:04:47.981137,182,2026-04-25 18:02:47.981137,182.0,True
286,Picking,2026-04-25 22:03:47.981137,59,2026-04-25 21:04:47.981137,59.0,False
286,Packing,2026-04-25 22:15:47.981137,12,2026-04-25 22:03:47.981137,12.0,False
286,Shipping,2026-04-25 22:57:47.981137,42,2026-04-25 22:15:47.981137,42.0,False
287,Receiving,2026-04-25 18:33:47.981137,51,,,False
287,Storage,2026-04-25 20:16:47.981137,103,2026-04-25 18:33:47.981137,103.0,True
287,Picking,2026-04-25 20:42:47.981137,26,2026-04-25 20:16:47.981137,26.0,False
287,Packing,2026-04-25 21:03:47.981137,21,2026-04-25 20:42:47.981137,21.0,False
287,Shipping,2026-04-25 21:24:47.981137,21,2026-04-25 21:03:47.981137,21.0,False
288,Receiving,2026-04-25 17:53:47.981137,11,,,False
288,Storage,2026-04-25 19:22:47.981137,89,2026-04-25 17:53:47.981137,89.0,False
288,Picking,2026-04-25 19:36:47.981137,14,2026-04-25 19:22:47.981137,14.0,False
288,Packing,2026-04-25 19:51:47.981137,15,2026-04-25 19:36:47.981137,15.0,False
288,Shipping,2026-04-25 20:02:47.981137,11,2026-04-25 19:51:47.981137,11.0,False
289,Receiving,2026-04-25 17:47:47.981137,5,,,False
289,Storage,2026-04-25 19:57:47.981137,130,2026-04-25 17:47:47.981137,130.0,True
289,Picking,2026-04-25 20:19:47.981137,22,2026-04-25 19:57:47.981137,22.0,False
289,Packing,2026-04-25 20:46:47.981137,27,2026-04-25 20:19:47.981137,27.0,False
289,Shipping,2026-04-25 21:03:47.981137,17,2026-04-25 20:46:47.981137,17.0,False
290,Receiving,2026-04-25 17:48:47.981137,6,,,False
290,Storage,2026-04-25 20:44:47.981137,176,2026-04-25 17:48:47.981137,176.0,True
290,Picking,2026-04-25 21:34:47.981137,50,2026-04-25 20:44:47.981137,50.0,False
290,Packing,2026-04-25 22:24:47.981137,50,2026-04-25 21:34:47.981137,50.0,False
290,Shipping,2026-04-25 22:49:47.981137,25,2026-04-25 22:24:47.981137,25.0,False
291,Receiving,2026-04-25 17:54:47.981137,12,,,False
291,Storage,2026-04-25 20:26:47.981137,152,2026-04-25 17:54:47.981137,152.0,True
291,Picking,2026-04-25 20:37:47.981137,11,2026-04-25 20:26:47.981137,11.0,False
291,Packing,2026-04-25 20:57:47.981137,20,2026-04-25 20:37:47.981137,20.0,False
291,Shipping,2026-04-25 21:12:47.981137,15,2026-04-25 20:57:47.981137,15.0,False
292,Receiving,2026-04-25 17:55:47.981137,13,,,False
292,Storage,2026-04-25 19:07:47.981137,72,2026-04-25 17:55:47.981137,72.0,False
292,Picking,2026-04-25 19:57:47.981137,50,2026-04-25 19:07:47.981137,50.0,False
292,Packing,2026-04-25 20:09:47.981137,12,2026-04-25 19:57:47.981137,12.0,False
292,Shipping,2026-04-25 20:50:47.981137,41,2026-04-25 20:09:47.981137,41.0,False
293,Receiving,2026-04-25 18:01:47.981137,19,,,False
293,Storage,2026-04-25 19:30:47.981137,89,2026-04-25 18:01:47.981137,89.0,False
293,Picking,2026-04-25 20:30:47.981137,60,2026-04-25 19:30:47.981137,60.0,False
293,Packing,2026-04-25 20:40:47.981137,10,2026-04-25 20:30:47.981137,10.0,False
293,Shipping,2026-04-25 21:00:47.981137,20,2026-04-25 20:40:47.981137,20.0,False
294,Receiving,2026-04-25 17:59:47.981137,17,,,False
294,Storage,2026-04-25 20:36:47.981137,157,2026-04-25 17:59:47.981137,157.0,True
294,Picking,2026-04-25 20:50:47.981137,14,2026-04-25 20:36:47.981137,14.0,False
294,Packing,2026-04-25 21:03:47.981137,13,2026-04-25 20:50:47.981137,13.0,False
294,Shipping,2026-04-25 22:46:47.981137,103,2026-04-25 21:03:47.981137,103.0,True
295,Receiving,2026-04-25 17:53:47.981137,11,,,False
295,Storage,2026-04-25 19:27:47.981137,94,2026-04-25 17:53:47.981137,94.0,True
295,Picking,2026-04-25 20:16:47.981137,49,2026-04-25 19:27:47.981137,49.0,False
295,Packing,2026-04-25 20:43:47.981137,27,2026-04-25 20:16:47.981137,27.0,False
295,Shipping,2026-04-25 20:57:47.981137,14,2026-04-25 20:43:47.981137,14.0,False
296,Receiving,2026-04-25 17:48:47.981137,6,,,False
296,Storage,2026-04-25 18:46:47.981137,58,2026-04-25 17:48:47.981137,58.0,False
296,Picking,2026-04-25 19:08:47.981137,22,2026-04-25 18:46:47.981137,22.0,False
296,Packing,2026-04-25 19:59:47.981137,51,2026-04-25 19:08:47.981137,51.0,False
296,Shipping,2026-04-25 20:13:47.981137,14,2026-04-25 19:59:47.981137,14.0,False
297,Receiving,2026-04-25 17:56:47.981137,14,,,False
297,Storage,2026-04-25 20:46:47.981137,170,2026-04-25 17:56:47.981137,170.0,True
297,Picking,2026-04-25 21:00:47.981137,14,2026-04-25 20:46:47.981137,14.0,False
297,Packing,2026-04-25 22:12:47.981137,72,2026-04-25 21:00:47.981137,72.0,False
297,Shipping,2026-04-25 23:43:47.981137,91,2026-04-25 22:12:47.981137,91.0,True
298,Receiving,2026-04-25 17:59:47.981137,17,,,False
298,Storage,2026-04-25 19:30:47.981137,91,2026-04-25 17:59:47.981137,91.0,True
298,Picking,2026-04-25 20:15:47.981137,45,2026-04-25 19:30:47.981137,45.0,False
298,Packing,2026-04-25 20:26:47.981137,11,2026-04-25 20:15:47.981137,11.0,False
298,Shipping,2026-04-25 21:11:47.981137,45,2026-04-25 20:26:47.981137,45.0,False
299,Receiving,2026-04-25 17:49:47.981137,7,,,False
299,Storage,2026-04-25 19:14:47.981137,85,2026-04-25 17:49:47.981137,85.0,False
299,Picking,2026-04-25 19:34:47.981137,20,2026-04-25 19:14:47.981137,20.0,False
299,Packing,2026-04-25 19:43:47.981137,9,2026-04-25 19:34:47.981137,9.0,False
299,Shipping,2026-04-25 20:02:47.981137,19,2026-04-25 19:43:47.981137,19.0,False
300,Receiving,2026-04-25 19:01:47.981137,79,,,False
300,Storage,2026-04-25 19:31:47.981137,30,2026-04-25 19:01:47.981137,30.0,False
300,Picking,2026-04-25 20:26:47.981137,55,2026-04-25 19:31:47.981137,55.0,False
300,Packing,2026-04-25 20:34:47.981137,8,2026-04-25 20:26:47.981137,8.0,False
300,Shipping,2026-04-25 21:11:47.981137,37,2026-04-25 20:34:47.981137,37.0,False
301,Receiving,2026-04-25 18:27:47.981137,45,,,False
301,Storage,2026-04-25 19:31:47.981137,64,2026-04-25 18:27:47.981137,64.0,False
301,Picking,2026-04-25 20:01:47.981137,30,2026-04-25 19:31:47.981137,30.0,False
301,Packing,2026-04-25 20:12:47.981137,11,2026-04-25 20:01:47.981137,11.0,False
301,Shipping,2026-04-25 20:46:47.981137,34,2026-04-25 20:12:47.981137,34.0,False
302,Receiving,2026-04-25 17:47:47.981137,5,,,False
302,Storage,2026-04-25 20:07:47.981137,140,2026-04-25 17:47:47.981137,140.0,True
302,Picking,2026-04-25 21:57:47.981137,110,2026-04-25 20:07:47.981137,110.0,True
302,Packing,2026-04-25 22:17:47.981137,20,2026-04-25 21:57:47.981137,20.0,False
302,Shipping,2026-04-26 00:18:47.981137,121,2026-04-25 22:17:47.981137,121.0,True
303,Receiving,2026-04-25 18:01:47.981137,19,,,False
303,Storage,2026-04-25 20:50:47.981137,169,2026-04-25 18:01:47.981137,169.0,True
303,Picking,2026-04-25 23:05:47.981137,135,2026-04-25 20:50:47.981137,135.0,True
303,Packing,2026-04-25 23:28:47.981137,23,2026-04-25 23:05:47.981137,23.0,False
303,Shipping,2026-04-25 23:39:47.981137,11,2026-04-25 23:28:47.981137,11.0,False
304,Receiving,2026-04-25 17:52:47.981137,10,,,False
304,Storage,2026-04-25 20:22:47.981137,150,2026-04-25 17:52:47.981137,150.0,True
304,Picking,2026-04-25 21:13:47.981137,51,2026-04-25 20:22:47.981137,51.0,False
304,Packing,2026-04-25 21:37:47.981137,24,2026-04-25 21:13:47.981137,24.0,False
304,Shipping,2026-04-25 22:08:47.981137,31,2026-04-25 21:37:47.981137,31.0,False
305,Receiving,2026-04-25 17:57:47.981137,15,,,False
305,Storage,2026-04-25 20:11:47.981137,134,2026-04-25 17:57:47.981137,134.0,True
305,Picking,2026-04-25 21:51:47.981137,100,2026-04-25 20:11:47.981137,100.0,True
305,Packing,2026-04-25 21:56:47.981137,5,2026-04-25 21:51:47.981137,5.0,False
305,Shipping,2026-04-25 22:40:47.981137,44,2026-04-25 21:56:47.981137,44.0,False
306,Receiving,2026-04-25 19:22:47.981137,100,,,True
306,Storage,2026-04-25 20:14:47.981137,52,2026-04-25 19:22:47.981137,52.0,False
306,Picking,2026-04-25 21:00:47.981137,46,2026-04-25 20:14:47.981137,46.0,False
306,Packing,2026-04-25 21:22:47.981137,22,2026-04-25 21:00:47.981137,22.0,False
306,Shipping,2026-04-25 23:17:47.981137,115,2026-04-25 21:22:47.981137,115.0,True
307,Receiving,2026-04-25 18:37:47.981137,55,,,False
307,Storage,2026-04-25 22:58:47.981137,261,2026-04-25 18:37:47.981137,261.0,True
307,Picking,2026-04-25 23:31:47.981137,33,2026-04-25 22:58:47.981137,33.0,False
307,Packing,2026-04-25 23:40:47.981137,9,2026-04-25 23:31:47.981137,9.0,False
307,Shipping,2026-04-26 00:18:47.981137,38,2026-04-25 23:40:47.981137,38.0,False
308,Receiving,2026-04-25 19:08:47.981137,86,,,False
308,Storage,2026-04-25 21:50:47.981137,162,2026-04-25 19:08:47.981137,162.0,True
308,Picking,2026-04-25 22:27:47.981137,37,2026-04-25 21:50:47.981137,37.0,False
308,Packing,2026-04-25 22:53:47.981137,26,2026-04-25 22:27:47.981137,26.0,False
308,Shipping,2026-04-25 23:30:47.981137,37,2026-04-25 22:53:47.981137,37.0,False
309,Receiving,2026-04-25 17:50:47.981137,8,,,False
309,Storage,2026-04-25 18:35:47.981137,45,2026-04-25 17:50:47.981137,45.0,False
309,Picking,2026-04-25 18:46:47.981137,11,2026-04-25 18:35:47.981137,11.0,False
309,Packing,2026-04-25 19:13:47.981137,27,2026-04-25 18:46:47.981137,27.0,False
309,Shipping,2026-04-25 19:33:47.981137,20,2026-04-25 19:13:47.981137,20.0,False
310,Receiving,2026-04-25 17:49:47.981137,7,,,False
310,Storage,2026-04-25 20:48:47.981137,179,2026-04-25 17:49:47.981137,179.0,True
310,Picking,2026-04-25 21:04:47.981137,16,2026-04-25 20:48:47.981137,16.0,False
310,Packing,2026-04-25 21:34:47.981137,30,2026-04-25 21:04:47.981137,30.0,False
310,Shipping,2026-04-25 22:16:47.981137,42,2026-04-25 21:34:47.981137,42.0,False
311,Receiving,2026-04-25 17:57:47.981137,15,,,False
311,Storage,2026-04-25 18:41:47.981137,44,2026-04-25 17:57:47.981137,44.0,False
311,Picking,2026-04-25 19:32:47.981137,51,2026-04-25 18:41:47.981137,51.0,False
311,Packing,2026-04-25 19:59:47.981137,27,2026-04-25 19:32:47.981137,27.0,False
311,Shipping,2026-04-25 20:43:47.981137,44,2026-04-25 19:59:47.981137,44.0,False
312,Receiving,2026-04-25 17:54:47.981137,12,,,False
312,Storage,2026-04-25 18:47:47.981137,53,2026-04-25 17:54:47.981137,53.0,False
312,Picking,2026-04-25 19:37:47.981137,50,2026-04-25 18:47:47.981137,50.0,False
312,Packing,2026-04-25 20:58:47.981137,81,2026-04-25 19:37:47.981137,81.0,False
312,Shipping,2026-04-25 21:34:47.981137,36,2026-04-25 20:58:47.981137,36.0,False
313,Receiving,2026-04-25 17:51:47.981137,9,,,False
313,Storage,2026-04-25 18:24:47.981137,33,2026-04-25 17:51:47.981137,33.0,False
313,Picking,2026-04-25 19:24:47.981137,60,2026-04-25 18:24:47.981137,60.0,False
313,Packing,2026-04-25 19:51:47.981137,27,2026-04-25 19:24:47.981137,27.0,False
313,Shipping,2026-04-25 20:04:47.981137,13,2026-04-25 19:51:47.981137,13.0,False
314,Receiving,2026-04-25 18:19:47.981137,37,,,False
314,Storage,2026-04-25 20:54:47.981137,155,2026-04-25 18:19:47.981137,155.0,True
314,Picking,2026-04-25 22:25:47.981137,91,2026-04-25 20:54:47.981137,91.0,True
314,Packing,2026-04-25 22:35:47.981137,10,2026-04-25 22:25:47.981137,10.0,False
314,Shipping,2026-04-26 00:27:47.981137,112,2026-04-25 22:35:47.981137,112.0,True
315,Receiving,2026-04-25 18:36:47.981137,54,,,False
315,Storage,2026-04-25 21:06:47.981137,150,2026-04-25 18:36:47.981137,150.0,True
315,Picking,2026-04-25 22:40:47.981137,94,2026-04-25 21:06:47.981137,94.0,True
315,Packing,2026-04-25 23:55:47.981137,75,2026-04-25 22:40:47.981137,75.0,False
315,Shipping,2026-04-26 00:05:47.981137,10,2026-04-25 23:55:47.981137,10.0,False
316,Receiving,2026-04-25 18:02:47.981137,20,,,False
316,Storage,2026-04-25 19:09:47.981137,67,2026-04-25 18:02:47.981137,67.0,False
316,Picking,2026-04-25 19:35:47.981137,26,2026-04-25 19:09:47.981137,26.0,False
316,Packing,2026-04-25 20:05:47.981137,30,2026-04-25 19:35:47.981137,30.0,False
316,Shipping,2026-04-25 20:50:47.981137,45,2026-04-25 20:05:47.981137,45.0,False
317,Receiving,2026-04-25 17:57:47.981137,15,,,False
317,Storage,2026-04-25 20:15:47.981137,138,2026-04-25 17:57:47.981137,138.0,True
317,Picking,2026-04-25 20:57:47.981137,42,2026-04-25 20:15:47.981137,42.0,False
317,Packing,2026-04-25 21:07:47.981137,10,2026-04-25 20:57:47.981137,10.0,False
317,Shipping,2026-04-25 23:03:47.981137,116,2026-04-25 21:07:47.981137,116.0,True
318,Receiving,2026-04-25 17:57:47.981137,15,,,False
318,Storage,2026-04-25 18:38:47.981137,41,2026-04-25 17:57:47.981137,41.0,False
318,Picking,2026-04-25 19:36:47.981137,58,2026-04-25 18:38:47.981137,58.0,False
318,Packing,2026-04-25 19:54:47.981137,18,2026-04-25 19:36:47.981137,18.0,False
318,Shipping,2026-04-25 20:32:47.981137,38,2026-04-25 19:54:47.981137,38.0,False
319,Receiving,2026-04-25 17:49:47.981137,7,,,False
319,Storage,2026-04-25 20:29:47.981137,160,2026-04-25 17:49:47.981137,160.0,True
319,Picking,2026-04-25 20:54:47.981137,25,2026-04-25 20:29:47.981137,25.0,False
319,Packing,2026-04-25 21:10:47.981137,16,2026-04-25 20:54:47.981137,16.0,False
319,Shipping,2026-04-25 21:41:47.981137,31,2026-04-25 21:10:47.981137,31.0,False
320,Receiving,2026-04-25 19:06:47.981137,84,,,False
320,Storage,2026-04-25 19:37:47.981137,31,2026-04-25 19:06:47.981137,31.0,False
320,Picking,2026-04-25 20:07:47.981137,30,2026-04-25 19:37:47.981137,30.0,False
320,Packing,2026-04-25 20:31:47.981137,24,2026-04-25 20:07:47.981137,24.0,False
320,Shipping,2026-04-25 21:07:47.981137,36,2026-04-25 20:31:47.981137,36.0,False
321,Receiving,2026-04-25 17:49:47.981137,7,,,False
321,Storage,2026-04-25 21:14:47.981137,205,2026-04-25 17:49:47.981137,205.0,True
321,Picking,2026-04-25 22:05:47.981137,51,2026-04-25 21:14:47.981137,51.0,False
321,Packing,2026-04-25 22:26:47.981137,21,2026-04-25 22:05:47.981137,21.0,False
321,Shipping,2026-04-25 22:52:47.981137,26,2026-04-25 22:26:47.981137,26.0,False
322,Receiving,2026-04-25 18:44:47.981137,62,,,False
322,Storage,2026-04-25 20:01:47.981137,77,2026-04-25 18:44:47.981137,77.0,False
322,Picking,2026-04-25 20:33:47.981137,32,2026-04-25 20:01:47.981137,32.0,False
322,Packing,2026-04-25 20:49:47.981137,16,2026-04-25 20:33:47.981137,16.0,False
322,Shipping,2026-04-25 22:18:47.981137,89,2026-04-25 20:49:47.981137,89.0,False
323,Receiving,2026-04-25 17:55:47.981137,13,,,False
323,Storage,2026-04-25 19:39:47.981137,104,2026-04-25 17:55:47.981137,104.0,True
323,Picking,2026-04-25 19:51:47.981137,12,2026-04-25 19:39:47.981137,12.0,False
323,Packing,2026-04-25 20:11:47.981137,20,2026-04-25 19:51:47.981137,20.0,False
323,Shipping,2026-04-25 20:55:47.981137,44,2026-04-25 20:11:47.981137,44.0,False
324,Receiving,2026-04-25 18:00:47.981137,18,,,False
324,Storage,2026-04-25 20:31:47.981137,151,2026-04-25 18:00:47.981137,151.0,True
324,Picking,2026-04-25 20:45:47.981137,14,2026-04-25 20:31:47.981137,14.0,False
324,Packing,2026-04-25 20:53:47.981137,8,2026-04-25 20:45:47.981137,8.0,False
324,Shipping,2026-04-25 21:16:47.981137,23,2026-04-25 20:53:47.981137,23.0,False
325,Receiving,2026-04-25 17:51:47.981137,9,,,False
325,Storage,2026-04-25 18:56:47.981137,65,2026-04-25 17:51:47.981137,65.0,False
325,Picking,2026-04-25 19:34:47.981137,38,2026-04-25 18:56:47.981137,38.0,False
325,Packing,2026-04-25 20:01:47.981137,27,2026-04-25 19:34:47.981137,27.0,False
325,Shipping,2026-04-25 20:38:47.981137,37,2026-04-25 20:01:47.981137,37.0,False
326,Receiving,2026-04-25 17:50:47.981137,8,,,False
326,Storage,2026-04-25 20:16:47.981137,146,2026-04-25 17:50:47.981137,146.0,True
326,Picking,2026-04-25 22:34:47.981137,138,2026-04-25 20:16:47.981137,138.0,True
326,Packing,2026-04-25 22:56:47.981137,22,2026-04-25 22:34:47.981137,22.0,False
326,Shipping,2026-04-25 23:20:47.981137,24,2026-04-25 22:56:47.981137,24.0,False
327,Receiving,2026-04-25 17:56:47.981137,14,,,False
327,Storage,2026-04-25 18:37:47.981137,41,2026-04-25 17:56:47.981137,41.0,False
327,Picking,2026-04-25 19:37:47.981137,60,2026-04-25 18:37:47.981137,60.0,False
327,Packing,2026-04-25 19:50:47.981137,13,2026-04-25 19:37:47.981137,13.0,False
327,Shipping,2026-04-25 20:18:47.981137,28,2026-04-25 19:50:47.981137,28.0,False
328,Receiving,2026-04-25 17:58:47.981137,16,,,False
328,Storage,2026-04-25 20:06:47.981137,128,2026-04-25 17:58:47.981137,128.0,True
328,Picking,2026-04-25 20:29:47.981137,23,2026-04-25 20:06:47.981137,23.0,False
328,Packing,2026-04-25 20:45:47.981137,16,2026-04-25 20:29:47.981137,16.0,False
328,Shipping,2026-04-25 21:24:47.981137,39,2026-04-25 20:45:47.981137,39.0,False
329,Receiving,2026-04-25 17:49:47.981137,7,,,False
329,Storage,2026-04-25 20:31:47.981137,162,2026-04-25 17:49:47.981137,162.0,True
329,Picking,2026-04-25 21:08:47.981137,37,2026-04-25 20:31:47.981137,37.0,False
329,Packing,2026-04-25 21:33:47.981137,25,2026-04-25 21:08:47.981137,25.0,False
329,Shipping,2026-04-25 21:46:47.981137,13,2026-04-25 21:33:47.981137,13.0,False
330,Receiving,2026-04-25 17:49:47.981137,7,,,False
330,Storage,2026-04-25 18:59:47.981137,70,2026-04-25 17:49:47.981137,70.0,False
330,Picking,2026-04-25 19:35:47.981137,36,2026-04-25 18:59:47.981137,36.0,False
330,Packing,2026-04-25 19:55:47.981137,20,2026-04-25 19:35:47.981137,20.0,False
330,Shipping,2026-04-25 21:23:47.981137,88,2026-04-25 19:55:47.981137,88.0,False
331,Receiving,2026-04-25 17:58:47.981137,16,,,False
331,Storage,2026-04-25 18:53:47.981137,55,2026-04-25 17:58:47.981137,55.0,False
331,Picking,2026-04-25 19:15:47.981137,22,2026-04-25 18:53:47.981137,22.0,False
331,Packing,2026-04-25 19:32:47.981137,17,2026-04-25 19:15:47.981137,17.0,False
331,Shipping,2026-04-25 20:00:47.981137,28,2026-04-25 19:32:47.981137,28.0,False
332,Receiving,2026-04-25 17:56:47.981137,14,,,False
332,Storage,2026-04-25 18:37:47.981137,41,2026-04-25 17:56:47.981137,41.0,False
332,Picking,2026-04-25 19:17:47.981137,40,2026-04-25 18:37:47.981137,40.0,False
332,Packing,2026-04-25 19:34:47.981137,17,2026-04-25 19:17:47.981137,17.0,False
332,Shipping,2026-04-25 21:51:47.981137,137,2026-04-25 19:34:47.981137,137.0,True
333,Receiving,2026-04-25 17:56:47.981137,14,,,False
333,Storage,2026-04-25 20:55:47.981137,179,2026-04-25 17:56:47.981137,179.0,True
333,Picking,2026-04-25 22:56:47.981137,121,2026-04-25 20:55:47.981137,121.0,True
333,Packing,2026-04-25 23:22:47.981137,26,2026-04-25 22:56:47.981137,26.0,False
333,Shipping,2026-04-26 00:02:47.981137,40,2026-04-25 23:22:47.981137,40.0,False
334,Receiving,2026-04-25 17:54:47.981137,12,,,False
334,Storage,2026-04-25 19:38:47.981137,104,2026-04-25 17:54:47.981137,104.0,True
334,Picking,2026-04-25 20:08:47.981137,30,2026-04-25 19:38:47.981137,30.0,False
334,Packing,2026-04-25 20:24:47.981137,16,2026-04-25 20:08:47.981137,16.0,False
334,Shipping,2026-04-25 20:35:47.981137,11,2026-04-25 20:24:47.981137,11.0,False
335,Receiving,2026-04-25 17:50:47.981137,8,,,False
335,Storage,2026-04-25 20:29:47.981137,159,2026-04-25 17:50:47.981137,159.0,True
335,Picking,2026-04-25 21:43:47.981137,74,2026-04-25 20:29:47.981137,74.0,False
335,Packing,2026-04-25 22:04:47.981137,21,2026-04-25 21:43:47.981137,21.0,False
335,Shipping,2026-04-25 22:36:47.981137,32,2026-04-25 22:04:47.981137,32.0,False
336,Receiving,2026-04-25 17:47:47.981137,5,,,False
336,Storage,2026-04-25 20:17:47.981137,150,2026-04-25 17:47:47.981137,150.0,True
336,Picking,2026-04-25 21:24:47.981137,67,2026-04-25 20:17:47.981137,67.0,False
336,Packing,2026-04-25 21:41:47.981137,17,2026-04-25 21:24:47.981137,17.0,False
336,Shipping,2026-04-25 22:01:47.981137,20,2026-04-25 21:41:47.981137,20.0,False
337,Receiving,2026-04-25 19:32:47.981137,110,,,True
337,Storage,2026-04-25 20:38:47.981137,66,2026-04-25 19:32:47.981137,66.0,False
337,Picking,2026-04-25 23:04:47.981137,146,2026-04-25 20:38:47.981137,146.0,True
337,Packing,2026-04-25 23:24:47.981137,20,2026-04-25 23:04:47.981137,20.0,False
337,Shipping,2026-04-26 00:31:47.981137,67,2026-04-25 23:24:47.981137,67.0,False
338,Receiving,2026-04-25 17:51:47.981137,9,,,False
338,Storage,2026-04-25 20:27:47.981137,156,2026-04-25 17:51:47.981137,156.0,True
338,Picking,2026-04-25 21:25:47.981137,58,2026-04-25 20:27:47.981137,58.0,False
338,Packing,2026-04-25 21:46:47.981137,21,2026-04-25 21:25:47.981137,21.0,False
338,Shipping,2026-04-25 22:21:47.981137,35,2026-04-25 21:46:47.981137,35.0,False
339,Receiving,2026-04-25 17:51:47.981137,9,,,False
339,Storage,2026-04-25 22:42:47.981137,291,2026-04-25 17:51:47.981137,291.0,True
339,Picking,2026-04-25 23:25:47.981137,43,2026-04-25 22:42:47.981137,43.0,False
339,Packing,2026-04-25 23:37:47.981137,12,2026-04-25 23:25:47.981137,12.0,False
339,Shipping,2026-04-26 00:05:47.981137,28,2026-04-25 23:37:47.981137,28.0,False
340,Receiving,2026-04-25 18:39:47.981137,57,,,False
340,Storage,2026-04-25 20:52:47.981137,133,2026-04-25 18:39:47.981137,133.0,True
340,Picking,2026-04-25 21:36:47.981137,44,2026-04-25 20:52:47.981137,44.0,False
340,Packing,2026-04-25 21:56:47.981137,20,2026-04-25 21:36:47.981137,20.0,False
340,Shipping,2026-04-25 22:08:47.981137,12,2026-04-25 21:56:47.981137,12.0,False
341,Receiving,2026-04-25 17:49:47.981137,7,,,False
341,Storage,2026-04-25 19:16:47.981137,87,2026-04-25 17:49:47.981137,87.0,False
341,Picking,2026-04-25 19:47:47.981137,31,2026-04-25 19:16:47.981137,31.0,False
341,Packing,2026-04-25 20:17:47.981137,30,2026-04-25 19:47:47.981137,30.0,False
341,Shipping,2026-04-25 20:55:47.981137,38,2026-04-25 20:17:47.981137,38.0,False
342,Receiving,2026-04-25 17:52:47.981137,10,,,False
342,Storage,2026-04-25 20:20:47.981137,148,2026-04-25 17:52:47.981137,148.0,True
342,Picking,2026-04-25 20:53:47.981137,33,2026-04-25 20:20:47.981137,33.0,False
342,Packing,2026-04-25 21:14:47.981137,21,2026-04-25 20:53:47.981137,21.0,False
342,Shipping,2026-04-25 23:14:47.981137,120,2026-04-25 21:14:47.981137,120.0,True
343,Receiving,2026-04-25 18:01:47.981137,19,,,False
343,Storage,2026-04-25 20:03:47.981137,122,2026-04-25 18:01:47.981137,122.0,True
343,Picking,2026-04-25 20:32:47.981137,29,2026-04-25 20:03:47.981137,29.0,False
343,Packing,2026-04-25 20:58:47.981137,26,2026-04-25 20:32:47.981137,26.0,False
343,Shipping,2026-04-25 21:21:47.981137,23,2026-04-25 20:58:47.981137,23.0,False
344,Receiving,2026-04-25 17:56:47.981137,14,,,False
344,Storage,2026-04-25 20:36:47.981137,160,2026-04-25 17:56:47.981137,160.0,True
344,Picking,2026-04-25 21:08:47.981137,32,2026-04-25 20:36:47.981137,32.0,False
344,Packing,2026-04-25 21:22:47.981137,14,2026-04-25 21:08:47.981137,14.0,False
344,Shipping,2026-04-25 21:59:47.981137,37,2026-04-25 21:22:47.981137,37.0,False
345,Receiving,2026-04-25 19:53:47.981137,131,,,True
345,Storage,2026-04-25 22:49:47.981137,176,2026-04-25 19:53:47.981137,176.0,True
345,Picking,2026-04-25 23:38:47.981137,49,2026-04-25 22:49:47.981137,49.0,False
345,Packing,2026-04-26 01:18:47.981137,100,2026-04-25 23:38:47.981137,100.0,True
345,Shipping,2026-04-26 01:50:47.981137,32,2026-04-26 01:18:47.981137,32.0,False
346,Receiving,2026-04-25 17:51:47.981137,9,,,False
346,Storage,2026-04-25 19:08:47.981137,77,2026-04-25 17:51:47.981137,77.0,False
346,Picking,2026-04-25 19:52:47.981137,44,2026-04-25 19:08:47.981137,44.0,False
346,Packing,2026-04-25 20:11:47.981137,19,2026-04-25 19:52:47.981137,19.0,False
346,Shipping,2026-04-25 20:50:47.981137,39,2026-04-25 20:11:47.981137,39.0,False
347,Receiving,2026-04-25 17:59:47.981137,17,,,False
347,Storage,2026-04-25 18:47:47.981137,48,2026-04-25 17:59:47.981137,48.0,False
347,Picking,2026-04-25 19:47:47.981137,60,2026-04-25 18:47:47.981137,60.0,False
347,Packing,2026-04-25 20:08:47.981137,21,2026-04-25 19:47:47.981137,21.0,False
347,Shipping,2026-04-25 20:36:47.981137,28,2026-04-25 20:08:47.981137,28.0,False
348,Receiving,2026-04-25 17:48:47.981137,6,,,False
348,Storage,2026-04-25 18:51:47.981137,63,2026-04-25 17:48:47.981137,63.0,False
348,Picking,2026-04-25 19:31:47.981137,40,2026-04-25 18:51:47.981137,40.0,False
348,Packing,2026-04-25 19:55:47.981137,24,2026-04-25 19:31:47.981137,24.0,False
348,Shipping,2026-04-25 20:40:47.981137,45,2026-04-25 19:55:47.981137,45.0,False
349,Receiving,2026-04-25 18:00:47.981137,18,,,False
349,Storage,2026-04-25 20:49:47.981137,169,2026-04-25 18:00:47.981137,169.0,True
349,Picking,2026-04-25 21:27:47.981137,38,2026-04-25 20:49:47.981137,38.0,False
349,Packing,2026-04-25 21:54:47.981137,27,2026-04-25 21:27:47.981137,27.0,False
349,Shipping,2026-04-25 22:37:47.981137,43,2026-04-25 21:54:47.981137,43.0,False
350,Receiving,2026-04-25 18:01:47.981137,19,,,False
350,Storage,2026-04-25 20:40:47.981137,159,2026-04-25 18:01:47.981137,159.0,True
350,Picking,2026-04-25 20:54:47.981137,14,2026-04-25 20:40:47.981137,14.0,False
350,Packing,2026-04-25 21:22:47.981137,28,2026-04-25 20:54:47.981137,28.0,False
350,Shipping,2026-04-25 21:54:47.981137,32,2026-04-25 21:22:47.981137,32.0,False
351,Receiving,2026-04-25 17:59:47.981137,17,,,False
351,Storage,2026-04-25 19:15:47.981137,76,2026-04-25 17:59:47.981137,76.0,False
351,Picking,2026-04-25 19:42:47.981137,27,2026-04-25 19:15:47.981137,27.0,False
351,Packing,2026-04-25 19:55:47.981137,13,2026-04-25 19:42:47.981137,13.0,False
351,Shipping,2026-04-25 20:29:47.981137,34,2026-04-25 19:55:47.981137,34.0,False
352,Receiving,2026-04-25 18:02:47.981137,20,,,False
352,Storage,2026-04-25 18:47:47.981137,45,2026-04-25 18:02:47.981137,45.0,False
352,Picking,2026-04-25 19:33:47.981137,46,2026-04-25 18:47:47.981137,46.0,False
352,Packing,2026-04-25 19:45:47.981137,12,2026-04-25 19:33:47.981137,12.0,False
352,Shipping,2026-04-25 20:19:47.981137,34,2026-04-25 19:45:47.981137,34.0,False
353,Receiving,2026-04-25 19:47:47.981137,125,,,True
353,Storage,2026-04-25 22:03:47.981137,136,2026-04-25 19:47:47.981137,136.0,True
353,Picking,2026-04-25 22:49:47.981137,46,2026-04-25 22:03:47.981137,46.0,False
353,Packing,2026-04-25 23:06:47.981137,17,2026-04-25 22:49:47.981137,17.0,False
353,Shipping,2026-04-25 23:25:47.981137,19,2026-04-25 23:06:47.981137,19.0,False
354,Receiving,2026-04-25 18:00:47.981137,18,,,False
354,Storage,2026-04-25 22:41:47.981137,281,2026-04-25 18:00:47.981137,281.0,True
354,Picking,2026-04-26 00:46:47.981137,125,2026-04-25 22:41:47.981137,125.0,True
354,Packing,2026-04-26 00:53:47.981137,7,2026-04-26 00:46:47.981137,7.0,False
354,Shipping,2026-04-26 01:23:47.981137,30,2026-04-26 00:53:47.981137,30.0,False
355,Receiving,2026-04-25 17:47:47.981137,5,,,False
355,Storage,2026-04-25 20:05:47.981137,138,2026-04-25 17:47:47.981137,138.0,True
355,Picking,2026-04-25 20:52:47.981137,47,2026-04-25 20:05:47.981137,47.0,False
355,Packing,2026-04-25 21:00:47.981137,8,2026-04-25 20:52:47.981137,8.0,False
355,Shipping,2026-04-25 21:29:47.981137,29,2026-04-25 21:00:47.981137,29.0,False
356,Receiving,2026-04-25 17:49:47.981137,7,,,False
356,Storage,2026-04-25 20:34:47.981137,165,2026-04-25 17:49:47.981137,165.0,True
356,Picking,2026-04-25 21:17:47.981137,43,2026-04-25 20:34:47.981137,43.0,False
356,Packing,2026-04-25 22:29:47.981137,72,2026-04-25 21:17:47.981137,72.0,False
356,Shipping,2026-04-25 23:05:47.981137,36,2026-04-25 22:29:47.981137,36.0,False
357,Receiving,2026-04-25 18:41:47.981137,59,,,False
357,Storage,2026-04-25 19:55:47.981137,74,2026-04-25 18:41:47.981137,74.0,False
357,Picking,2026-04-25 22:03:47.981137,128,2026-04-25 19:55:47.981137,128.0,True
357,Packing,2026-04-25 22:15:47.981137,12,2026-04-25 22:03:47.981137,12.0,False
357,Shipping,2026-04-25 22:47:47.981137,32,2026-04-25 22:15:47.981137,32.0,False
358,Receiving,2026-04-25 18:02:47.981137,20,,,False
358,Storage,2026-04-25 20:31:47.981137,149,2026-04-25 18:02:47.981137,149.0,True
358,Picking,2026-04-25 21:03:47.981137,32,2026-04-25 20:31:47.981137,32.0,False
358,Packing,2026-04-25 21:31:47.981137,28,2026-04-25 21:03:47.981137,28.0,False
358,Shipping,2026-04-25 22:10:47.981137,39,2026-04-25 21:31:47.981137,39.0,False
359,Receiving,2026-04-25 17:57:47.981137,15,,,False
359,Storage,2026-04-25 19:10:47.981137,73,2026-04-25 17:57:47.981137,73.0,False
359,Picking,2026-04-25 19:40:47.981137,30,2026-04-25 19:10:47.981137,30.0,False
359,Packing,2026-04-25 19:57:47.981137,17,2026-04-25 19:40:47.981137,17.0,False
359,Shipping,2026-04-25 20:39:47.981137,42,2026-04-25 19:57:47.981137,42.0,False
360,Receiving,2026-04-25 19:35:47.981137,113,,,True
360,Storage,2026-04-25 22:01:47.981137,146,2026-04-25 19:35:47.981137,146.0,True
360,Picking,2026-04-25 22:11:47.981137,10,2026-04-25 22:01:47.981137,10.0,False
360,Packing,2026-04-25 22:29:47.981137,18,2026-04-25 22:11:47.981137,18.0,False
360,Shipping,2026-04-26 00:36:47.981137,127,2026-04-25 22:29:47.981137,127.0,True
361,Receiving,2026-04-25 17:53:47.981137,11,,,False
361,Storage,2026-04-25 20:31:47.981137,158,2026-04-25 17:53:47.981137,158.0,True
361,Picking,2026-04-25 21:06:47.981137,35,2026-04-25 20:31:47.981137,35.0,False
361,Packing,2026-04-25 21:20:47.981137,14,2026-04-25 21:06:47.981137,14.0,False
361,Shipping,2026-04-25 21:53:47.981137,33,2026-04-25 21:20:47.981137,33.0,False
362,Receiving,2026-04-25 19:52:47.981137,130,,,True
362,Storage,2026-04-25 20:28:47.981137,36,2026-04-25 19:52:47.981137,36.0,False
362,Picking,2026-04-25 21:13:47.981137,45,2026-04-25 20:28:47.981137,45.0,False
362,Packing,2026-04-25 21:41:47.981137,28,2026-04-25 21:13:47.981137,28.0,False
362,Shipping,2026-04-25 22:01:47.981137,20,2026-04-25 21:41:47.981137,20.0,False
363,Receiving,2026-04-25 17:53:47.981137,11,,,False
363,Storage,2026-04-25 18:43:47.981137,50,2026-04-25 17:53:47.981137,50.0,False
363,Picking,2026-04-25 18:54:47.981137,11,2026-04-25 18:43:47.981137,11.0,False
363,Packing,2026-04-25 21:16:47.981137,142,2026-04-25 18:54:47.981137,142.0,True
363,Shipping,2026-04-25 21:59:47.981137,43,2026-04-25 21:16:47.981137,43.0,False
364,Receiving,2026-04-25 17:47:47.981137,5,,,False
364,Storage,2026-04-25 18:49:47.981137,62,2026-04-25 17:47:47.981137,62.0,False
364,Picking,2026-04-25 19:00:47.981137,11,2026-04-25 18:49:47.981137,11.0,False
364,Packing,2026-04-25 19:06:47.981137,6,2026-04-25 19:00:47.981137,6.0,False
364,Shipping,2026-04-25 19:35:47.981137,29,2026-04-25 19:06:47.981137,29.0,False
365,Receiving,2026-04-25 19:14:47.981137,92,,,True
365,Storage,2026-04-25 19:55:47.981137,41,2026-04-25 19:14:47.981137,41.0,False
365,Picking,2026-04-25 20:27:47.981137,32,2026-04-25 19:55:47.981137,32.0,False
365,Packing,2026-04-25 20:36:47.981137,9,2026-04-25 20:27:47.981137,9.0,False
365,Shipping,2026-04-25 22:27:47.981137,111,2026-04-25 20:36:47.981137,111.0,True
366,Receiving,2026-04-25 17:50:47.981137,8,,,False
366,Storage,2026-04-25 20:08:47.981137,138,2026-04-25 17:50:47.981137,138.0,True
366,Picking,2026-04-25 20:19:47.981137,11,2026-04-25 20:08:47.981137,11.0,False
366,Packing,2026-04-25 20:30:47.981137,11,2026-04-25 20:19:47.981137,11.0,False
366,Shipping,2026-04-25 20:58:47.981137,28,2026-04-25 20:30:47.981137,28.0,False
367,Receiving,2026-04-25 17:51:47.981137,9,,,False
367,Storage,2026-04-25 20:47:47.981137,176,2026-04-25 17:51:47.981137,176.0,True
367,Picking,2026-04-25 21:10:47.981137,23,2026-04-25 20:47:47.981137,23.0,False
367,Packing,2026-04-25 21:31:47.981137,21,2026-04-25 21:10:47.981137,21.0,False
367,Shipping,2026-04-25 21:47:47.981137,16,2026-04-25 21:31:47.981137,16.0,False
368,Receiving,2026-04-25 18:32:47.981137,50,,,False
368,Storage,2026-04-25 19:42:47.981137,70,2026-04-25 18:32:47.981137,70.0,False
368,Picking,2026-04-25 20:13:47.981137,31,2026-04-25 19:42:47.981137,31.0,False
368,Packing,2026-04-25 20:29:47.981137,16,2026-04-25 20:13:47.981137,16.0,False
368,Shipping,2026-04-25 21:13:47.981137,44,2026-04-25 20:29:47.981137,44.0,False
369,Receiving,2026-04-25 20:00:47.981137,138,,,True
369,Storage,2026-04-25 21:17:47.981137,77,2026-04-25 20:00:47.981137,77.0,False
369,Picking,2026-04-26 00:12:47.981137,175,2026-04-25 21:17:47.981137,175.0,True
369,Packing,2026-04-26 00:31:47.981137,19,2026-04-26 00:12:47.981137,19.0,False
369,Shipping,2026-04-26 01:06:47.981137,35,2026-04-26 00:31:47.981137,35.0,False
370,Receiving,2026-04-25 18:00:47.981137,18,,,False
370,Storage,2026-04-25 20:58:47.981137,178,2026-04-25 18:00:47.981137,178.0,True
370,Picking,2026-04-25 23:03:47.981137,125,2026-04-25 20:58:47.981137,125.0,True
370,Packing,2026-04-25 23:16:47.981137,13,2026-04-25 23:03:47.981137,13.0,False
370,Shipping,2026-04-25 23:46:47.981137,30,2026-04-25 23:16:47.981137,30.0,False
371,Receiving,2026-04-25 18:30:47.981137,48,,,False
371,Storage,2026-04-25 20:42:47.981137,132,2026-04-25 18:30:47.981137,132.0,True
371,Picking,2026-04-25 21:42:47.981137,60,2026-04-25 20:42:47.981137,60.0,False
371,Packing,2026-04-25 23:09:47.981137,87,2026-04-25 21:42:47.981137,87.0,False
371,Shipping,2026-04-25 23:42:47.981137,33,2026-04-25 23:09:47.981137,33.0,False
372,Receiving,2026-04-25 17:53:47.981137,11,,,False
372,Storage,2026-04-25 19:58:47.981137,125,2026-04-25 17:53:47.981137,125.0,True
372,Picking,2026-04-25 20:52:47.981137,54,2026-04-25 19:58:47.981137,54.0,False
372,Packing,2026-04-25 21:02:47.981137,10,2026-04-25 20:52:47.981137,10.0,False
372,Shipping,2026-04-25 21:24:47.981137,22,2026-04-25 21:02:47.981137,22.0,False
373,Receiving,2026-04-25 18:35:47.981137,53,,,False
373,Storage,2026-04-25 20:40:47.981137,125,2026-04-25 18:35:47.981137,125.0,True
373,Picking,2026-04-25 21:23:47.981137,43,2026-04-25 20:40:47.981137,43.0,False
373,Packing,2026-04-25 21:38:47.981137,15,2026-04-25 21:23:47.981137,15.0,False
373,Shipping,2026-04-25 22:19:47.981137,41,2026-04-25 21:38:47.981137,41.0,False
374,Receiving,2026-04-25 17:59:47.981137,17,,,False
374,Storage,2026-04-25 18:43:47.981137,44,2026-04-25 17:59:47.981137,44.0,False
374,Picking,2026-04-25 19:16:47.981137,33,2026-04-25 18:43:47.981137,33.0,False
374,Packing,2026-04-25 19:27:47.981137,11,2026-04-25 19:16:47.981137,11.0,False
374,Shipping,2026-04-25 19:37:47.981137,10,2026-04-25 19:27:47.981137,10.0,False
375,Receiving,2026-04-25 17:57:47.981137,15,,,False
375,Storage,2026-04-25 20:19:47.981137,142,2026-04-25 17:57:47.981137,142.0,True
375,Picking,2026-04-25 22:21:47.981137,122,2026-04-25 20:19:47.981137,122.0,True
375,Packing,2026-04-25 23:21:47.981137,60,2026-04-25 22:21:47.981137,60.0,False
375,Shipping,2026-04-26 01:23:47.981137,122,2026-04-25 23:21:47.981137,122.0,True
376,Receiving,2026-04-25 18:02:47.981137,20,,,False
376,Storage,2026-04-25 20:31:47.981137,149,2026-04-25 18:02:47.981137,149.0,True
376,Picking,2026-04-25 21:19:47.981137,48,2026-04-25 20:31:47.981137,48.0,False
376,Packing,2026-04-25 21:45:47.981137,26,2026-04-25 21:19:47.981137,26.0,False
376,Shipping,2026-04-25 21:58:47.981137,13,2026-04-25 21:45:47.981137,13.0,False
377,Receiving,2026-04-25 19:02:47.981137,80,,,False
377,Storage,2026-04-25 20:19:47.981137,77,2026-04-25 19:02:47.981137,77.0,False
377,Picking,2026-04-25 20:53:47.981137,34,2026-04-25 20:19:47.981137,34.0,False
377,Packing,2026-04-25 21:06:47.981137,13,2026-04-25 20:53:47.981137,13.0,False
377,Shipping,2026-04-25 21:36:47.981137,30,2026-04-25 21:06:47.981137,30.0,False
378,Receiving,2026-04-25 17:54:47.981137,12,,,False
378,Storage,2026-04-25 19:19:47.981137,85,2026-04-25 17:54:47.981137,85.0,False
378,Picking,2026-04-25 20:18:47.981137,59,2026-04-25 19:19:47.981137,59.0,False
378,Packing,2026-04-25 20:44:47.981137,26,2026-04-25 20:18:47.981137,26.0,False
378,Shipping,2026-04-25 21:09:47.981137,25,2026-04-25 20:44:47.981137,25.0,False
379,Receiving,2026-04-25 17:49:47.981137,7,,,False
379,Storage,2026-04-25 18:47:47.981137,58,2026-04-25 17:49:47.981137,58.0,False
379,Picking,2026-04-25 19:49:47.981137,62,2026-04-25 18:47:47.981137,62.0,False
379,Packing,2026-04-25 20:13:47.981137,24,2026-04-25 19:49:47.981137,24.0,False
379,Shipping,2026-04-25 22:32:47.981137,139,2026-04-25 20:13:47.981137,139.0,True
380,Receiving,2026-04-25 18:00:47.981137,18,,,False
380,Storage,2026-04-25 19:05:47.981137,65,2026-04-25 18:00:47.981137,65.0,False
380,Picking,2026-04-25 19:52:47.981137,47,2026-04-25 19:05:47.981137,47.0,False
380,Packing,2026-04-25 19:57:47.981137,5,2026-04-25 19:52:47.981137,5.0,False
380,Shipping,2026-04-25 20:27:47.981137,30,2026-04-25 19:57:47.981137,30.0,False
381,Receiving,2026-04-25 17:56:47.981137,14,,,False
381,Storage,2026-04-25 19:58:47.981137,122,2026-04-25 17:56:47.981137,122.0,True
381,Picking,2026-04-25 20:30:47.981137,32,2026-04-25 19:58:47.981137,32.0,False
381,Packing,2026-04-25 20:43:47.981137,13,2026-04-25 20:30:47.981137,13.0,False
381,Shipping,2026-04-25 21:43:47.981137,60,2026-04-25 20:43:47.981137,60.0,False
382,Receiving,2026-04-25 17:50:47.981137,8,,,False
382,Storage,2026-04-25 19:29:47.981137,99,2026-04-25 17:50:47.981137,99.0,True
382,Picking,2026-04-25 19:55:47.981137,26,2026-04-25 19:29:47.981137,26.0,False
382,Packing,2026-04-25 21:05:47.981137,70,2026-04-25 19:55:47.981137,70.0,False
382,Shipping,2026-04-25 21:20:47.981137,15,2026-04-25 21:05:47.981137,15.0,False
383,Receiving,2026-04-25 17:56:47.981137,14,,,False
383,Storage,2026-04-25 19:29:47.981137,93,2026-04-25 17:56:47.981137,93.0,True
383,Picking,2026-04-25 20:03:47.981137,34,2026-04-25 19:29:47.981137,34.0,False
383,Packing,2026-04-25 20:18:47.981137,15,2026-04-25 20:03:47.981137,15.0,False
383,Shipping,2026-04-25 20:31:47.981137,13,2026-04-25 20:18:47.981137,13.0,False
384,Receiving,2026-04-25 17:57:47.981137,15,,,False
384,Storage,2026-04-25 19:35:47.981137,98,2026-04-25 17:57:47.981137,98.0,True
384,Picking,2026-04-25 21:19:47.981137,104,2026-04-25 19:35:47.981137,104.0,True
384,Packing,2026-04-25 21:30:47.981137,11,2026-04-25 21:19:47.981137,11.0,False
384,Shipping,2026-04-25 21:40:47.981137,10,2026-04-25 21:30:47.981137,10.0,False
385,Receiving,2026-04-25 18:34:47.981137,52,,,False
385,Storage,2026-04-25 22:01:47.981137,207,2026-04-25 18:34:47.981137,207.0,True
385,Picking,2026-04-25 22:40:47.981137,39,2026-04-25 22:01:47.981137,39.0,False
385,Packing,2026-04-25 23:06:47.981137,26,2026-04-25 22:40:47.981137,26.0,False
385,Shipping,2026-04-25 23:46:47.981137,40,2026-04-25 23:06:47.981137,40.0,False
386,Receiving,2026-04-25 17:51:47.981137,9,,,False
386,Storage,2026-04-25 19:55:47.981137,124,2026-04-25 17:51:47.981137,124.0,True
386,Picking,2026-04-25 20:51:47.981137,56,2026-04-25 19:55:47.981137,56.0,False
386,Packing,2026-04-25 21:17:47.981137,26,2026-04-25 20:51:47.981137,26.0,False
386,Shipping,2026-04-25 21:39:47.981137,22,2026-04-25 21:17:47.981137,22.0,False
387,Receiving,2026-04-25 18:00:47.981137,18,,,False
387,Storage,2026-04-25 21:12:47.981137,192,2026-04-25 18:00:47.981137,192.0,True
387,Picking,2026-04-25 21:53:47.981137,41,2026-04-25 21:12:47.981137,41.0,False
387,Packing,2026-04-25 22:16:47.981137,23,2026-04-25 21:53:47.981137,23.0,False
387,Shipping,2026-04-25 22:43:47.981137,27,2026-04-25 22:16:47.981137,27.0,False
388,Receiving,2026-04-25 18:01:47.981137,19,,,False
388,Storage,2026-04-25 20:06:47.981137,125,2026-04-25 18:01:47.981137,125.0,True
388,Picking,2026-04-25 20:21:47.981137,15,2026-04-25 20:06:47.981137,15.0,False
388,Packing,2026-04-25 22:38:47.981137,137,2026-04-25 20:21:47.981137,137.0,True
388,Shipping,2026-04-25 22:56:47.981137,18,2026-04-25 22:38:47.981137,18.0,False
389,Receiving,2026-04-25 17:52:47.981137,10,,,False
389,Storage,2026-04-25 20:11:47.981137,139,2026-04-25 17:52:47.981137,139.0,True
389,Picking,2026-04-25 20:24:47.981137,13,2026-04-25 20:11:47.981137,13.0,False
389,Packing,2026-04-25 20:49:47.981137,25,2026-04-25 20:24:47.981137,25.0,False
389,Shipping,2026-04-25 21:06:47.981137,17,2026-04-25 20:49:47.981137,17.0,False
390,Receiving,2026-04-25 18:49:47.981137,67,,,False
390,Storage,2026-04-25 20:16:47.981137,87,2026-04-25 18:49:47.981137,87.0,False
390,Picking,2026-04-25 20:39:47.981137,23,2026-04-25 20:16:47.981137,23.0,False
390,Packing,2026-04-25 20:47:47.981137,8,2026-04-25 20:39:47.981137,8.0,False
390,Shipping,2026-04-25 21:20:47.981137,33,2026-04-25 20:47:47.981137,33.0,False
391,Receiving,2026-04-25 17:57:47.981137,15,,,False
391,Storage,2026-04-25 20:32:47.981137,155,2026-04-25 17:57:47.981137,155.0,True
391,Picking,2026-04-25 21:00:47.981137,28,2026-04-25 20:32:47.981137,28.0,False
391,Packing,2026-04-25 21:23:47.981137,23,2026-04-25 21:00:47.981137,23.0,False
391,Shipping,2026-04-25 21:49:47.981137,26,2026-04-25 21:23:47.981137,26.0,False
392,Receiving,2026-04-25 18:00:47.981137,18,,,False
392,Storage,2026-04-25 19:30:47.981137,90,2026-04-25 18:00:47.981137,90.0,False
392,Picking,2026-04-25 20:20:47.981137,50,2026-04-25 19:30:47.981137,50.0,False
392,Packing,2026-04-25 20:47:47.981137,27,2026-04-25 20:20:47.981137,27.0,False
392,Shipping,2026-04-25 23:02:47.981137,135,2026-04-25 20:47:47.981137,135.0,True
393,Receiving,2026-04-25 17:49:47.981137,7,,,False
393,Storage,2026-04-25 18:34:47.981137,45,2026-04-25 17:49:47.981137,45.0,False
393,Picking,2026-04-25 19:29:47.981137,55,2026-04-25 18:34:47.981137,55.0,False
393,Packing,2026-04-25 19:49:47.981137,20,2026-04-25 19:29:47.981137,20.0,False
393,Shipping,2026-04-25 22:12:47.981137,143,2026-04-25 19:49:47.981137,143.0,True
394,Receiving,2026-04-25 18:02:47.981137,20,,,False
394,Storage,2026-04-25 20:50:47.981137,168,2026-04-25 18:02:47.981137,168.0,True
394,Picking,2026-04-25 21:38:47.981137,48,2026-04-25 20:50:47.981137,48.0,False
394,Packing,2026-04-25 22:08:47.981137,30,2026-04-25 21:38:47.981137,30.0,False
394,Shipping,2026-04-25 22:27:47.981137,19,2026-04-25 22:08:47.981137,19.0,False
395,Receiving,2026-04-25 17:58:47.981137,16,,,False
395,Storage,2026-04-25 18:53:47.981137,55,2026-04-25 17:58:47.981137,55.0,False
395,Picking,2026-04-25 19:47:47.981137,54,2026-04-25 18:53:47.981137,54.0,False
395,Packing,2026-04-25 20:06:47.981137,19,2026-04-25 19:47:47.981137,19.0,False
395,Shipping,2026-04-25 20:33:47.981137,27,2026-04-25 20:06:47.981137,27.0,False
396,Receiving,2026-04-25 17:57:47.981137,15,,,False
396,Storage,2026-04-25 20:16:47.981137,139,2026-04-25 17:57:47.981137,139.0,True
396,Picking,2026-04-25 20:56:47.981137,40,2026-04-25 20:16:47.981137,40.0,False
396,Packing,2026-04-25 21:08:47.981137,12,2026-04-25 20:56:47.981137,12.0,False
396,Shipping,2026-04-25 21:25:47.981137,17,2026-04-25 21:08:47.981137,17.0,False
397,Receiving,2026-04-25 17:52:47.981137,10,,,False
397,Storage,2026-04-25 20:09:47.981137,137,2026-04-25 17:52:47.981137,137.0,True
397,Picking,2026-04-25 20:45:47.981137,36,2026-04-25 20:09:47.981137,36.0,False
397,Packing,2026-04-25 21:09:47.981137,24,2026-04-25 20:45:47.981137,24.0,False
397,Shipping,2026-04-25 21:44:47.981137,35,2026-04-25 21:09:47.981137,35.0,False
398,Receiving,2026-04-25 19:36:47.981137,114,,,True
398,Storage,2026-04-25 23:35:47.981137,239,2026-04-25 19:36:47.981137,239.0,True
398,Picking,2026-04-26 00:32:47.981137,57,2026-04-25 23:35:47.981137,57.0,False
398,Packing,2026-04-26 00:53:47.981137,21,2026-04-26 00:32:47.981137,21.0,False
398,Shipping,2026-04-26 01:19:47.981137,26,2026-04-26 00:53:47.981137,26.0,False
399,Receiving,2026-04-25 17:48:47.981137,6,,,False
399,Storage,2026-04-25 18:37:47.981137,49,2026-04-25 17:48:47.981137,49.0,False
399,Picking,2026-04-25 19:02:47.981137,25,2026-04-25 18:37:47.981137,25.0,False
399,Packing,2026-04-25 20:39:47.981137,97,2026-04-25 19:02:47.981137,97.0,True
399,Shipping,2026-04-25 20:57:47.981137,18,2026-04-25 20:39:47.981137,18.0,False
400,Receiving,2026-04-25 17:56:47.981137,14,,,False
400,Storage,2026-04-25 20:30:47.981137,154,2026-04-25 17:56:47.981137,154.0,True
400,Picking,2026-04-25 21:08:47.981137,38,2026-04-25 20:30:47.981137,38.0,False
400,Packing,2026-04-25 21:20:47.981137,12,2026-04-25 21:08:47.981137,12.0,False
400,Shipping,2026-04-25 22:24:47.981137,64,2026-04-25 21:20:47.981137,64.0,False
401,Receiving,2026-04-25 19:43:47.981137,121,,,True
401,Storage,2026-04-25 22:23:47.981137,160,2026-04-25 19:43:47.981137,160.0,True
401,Picking,2026-04-25 23:00:47.981137,37,2026-04-25 22:23:47.981137,37.0,False
401,Packing,2026-04-25 23:28:47.981137,28,2026-04-25 23:00:47.981137,28.0,False
401,Shipping,2026-04-26 00:08:47.981137,40,2026-04-25 23:28:47.981137,40.0,False
402,Receiving,2026-04-25 19:21:47.981137,99,,,True
402,Storage,2026-04-25 21:52:47.981137,151,2026-04-25 19:21:47.981137,151.0,True
402,Picking,2026-04-25 22:21:47.981137,29,2026-04-25 21:52:47.981137,29.0,False
402,Packing,2026-04-25 22:50:47.981137,29,2026-04-25 22:21:47.981137,29.0,False
402,Shipping,2026-04-25 23:30:47.981137,40,2026-04-25 22:50:47.981137,40.0,False
403,Receiving,2026-04-25 17:47:47.981137,5,,,False
403,Storage,2026-04-25 19:29:47.981137,102,2026-04-25 17:47:47.981137,102.0,True
403,Picking,2026-04-25 20:00:47.981137,31,2026-04-25 19:29:47.981137,31.0,False
403,Packing,2026-04-25 20:20:47.981137,20,2026-04-25 20:00:47.981137,20.0,False
403,Shipping,2026-04-25 20:57:47.981137,37,2026-04-25 20:20:47.981137,37.0,False
404,Receiving,2026-04-25 17:49:47.981137,7,,,False
404,Storage,2026-04-25 19:02:47.981137,73,2026-04-25 17:49:47.981137,73.0,False
404,Picking,2026-04-25 19:24:47.981137,22,2026-04-25 19:02:47.981137,22.0,False
404,Packing,2026-04-25 19:51:47.981137,27,2026-04-25 19:24:47.981137,27.0,False
404,Shipping,2026-04-25 20:11:47.981137,20,2026-04-25 19:51:47.981137,20.0,False
405,Receiving,2026-04-25 17:53:47.981137,11,,,False
405,Storage,2026-04-25 21:07:47.981137,194,2026-04-25 17:53:47.981137,194.0,True
405,Picking,2026-04-25 22:03:47.981137,56,2026-04-25 21:07:47.981137,56.0,False
405,Packing,2026-04-25 22:27:47.981137,24,2026-04-25 22:03:47.981137,24.0,False
405,Shipping,2026-04-25 23:02:47.981137,35,2026-04-25 22:27:47.981137,35.0,False
406,Receiving,2026-04-25 17:54:47.981137,12,,,False
406,Storage,2026-04-25 19:06:47.981137,72,2026-04-25 17:54:47.981137,72.0,False
406,Picking,2026-04-25 19:34:47.981137,28,2026-04-25 19:06:47.981137,28.0,False
406,Packing,2026-04-25 19:44:47.981137,10,2026-04-25 19:34:47.981137,10.0,False
406,Shipping,2026-04-25 20:24:47.981137,40,2026-04-25 19:44:47.981137,40.0,False
407,Receiving,2026-04-25 19:37:47.981137,115,,,True
407,Storage,2026-04-25 22:04:47.981137,147,2026-04-25 19:37:47.981137,147.0,True
407,Picking,2026-04-25 22:19:47.981137,15,2026-04-25 22:04:47.981137,15.0,False
407,Packing,2026-04-26 00:24:47.981137,125,2026-04-25 22:19:47.981137,125.0,True
407,Shipping,2026-04-26 01:02:47.981137,38,2026-04-26 00:24:47.981137,38.0,False
408,Receiving,2026-04-25 17:49:47.981137,7,,,False
408,Storage,2026-04-25 20:41:47.981137,172,2026-04-25 17:49:47.981137,172.0,True
408,Picking,2026-04-25 21:06:47.981137,25,2026-04-25 20:41:47.981137,25.0,False
408,Packing,2026-04-25 21:23:47.981137,17,2026-04-25 21:06:47.981137,17.0,False
408,Shipping,2026-04-25 21:48:47.981137,25,2026-04-25 21:23:47.981137,25.0,False
409,Receiving,2026-04-25 18:00:47.981137,18,,,False
409,Storage,2026-04-25 20:25:47.981137,145,2026-04-25 18:00:47.981137,145.0,True
409,Picking,2026-04-25 21:08:47.981137,43,2026-04-25 20:25:47.981137,43.0,False
409,Packing,2026-04-25 21:18:47.981137,10,2026-04-25 21:08:47.981137,10.0,False
409,Shipping,2026-04-25 23:17:47.981137,119,2026-04-25 21:18:47.981137,119.0,True
410,Receiving,2026-04-25 17:55:47.981137,13,,,False
410,Storage,2026-04-25 20:10:47.981137,135,2026-04-25 17:55:47.981137,135.0,True
410,Picking,2026-04-25 21:02:47.981137,52,2026-04-25 20:10:47.981137,52.0,False
410,Packing,2026-04-25 21:18:47.981137,16,2026-04-25 21:02:47.981137,16.0,False
410,Shipping,2026-04-25 21:32:47.981137,14,2026-04-25 21:18:47.981137,14.0,False
411,Receiving,2026-04-25 17:52:47.981137,10,,,False
411,Storage,2026-04-25 21:22:47.981137,210,2026-04-25 17:52:47.981137,210.0,True
411,Picking,2026-04-25 22:05:47.981137,43,2026-04-25 21:22:47.981137,43.0,False
411,Packing,2026-04-25 22:29:47.981137,24,2026-04-25 22:05:47.981137,24.0,False
411,Shipping,2026-04-25 22:57:47.981137,28,2026-04-25 22:29:47.981137,28.0,False
412,Receiving,2026-04-25 17:49:47.981137,7,,,False
412,Storage,2026-04-25 18:29:47.981137,40,2026-04-25 17:49:47.981137,40.0,False
412,Picking,2026-04-25 18:46:47.981137,17,2026-04-25 18:29:47.981137,17.0,False
412,Packing,2026-04-25 18:57:47.981137,11,2026-04-25 18:46:47.981137,11.0,False
412,Shipping,2026-04-25 19:21:47.981137,24,2026-04-25 18:57:47.981137,24.0,False
413,Receiving,2026-04-25 18:02:47.981137,20,,,False
413,Storage,2026-04-25 19:09:47.981137,67,2026-04-25 18:02:47.981137,67.0,False
413,Picking,2026-04-25 20:05:47.981137,56,2026-04-25 19:09:47.981137,56.0,False
413,Packing,2026-04-25 20:12:47.981137,7,2026-04-25 20:05:47.981137,7.0,False
413,Shipping,2026-04-25 20:28:47.981137,16,2026-04-25 20:12:47.981137,16.0,False
414,Receiving,2026-04-25 18:47:47.981137,65,,,False
414,Storage,2026-04-25 19:21:47.981137,34,2026-04-25 18:47:47.981137,34.0,False
414,Picking,2026-04-25 19:54:47.981137,33,2026-04-25 19:21:47.981137,33.0,False
414,Packing,2026-04-25 20:57:47.981137,63,2026-04-25 19:54:47.981137,63.0,False
414,Shipping,2026-04-25 21:26:47.981137,29,2026-04-25 20:57:47.981137,29.0,False
415,Receiving,2026-04-25 17:52:47.981137,10,,,False
415,Storage,2026-04-25 18:52:47.981137,60,2026-04-25 17:52:47.981137,60.0,False
415,Picking,2026-04-25 19:35:47.981137,43,2026-04-25 18:52:47.981137,43.0,False
415,Packing,2026-04-25 19:44:47.981137,9,2026-04-25 19:35:47.981137,9.0,False
415,Shipping,2026-04-25 20:27:47.981137,43,2026-04-25 19:44:47.981137,43.0,False
416,Receiving,2026-04-25 17:59:47.981137,17,,,False
416,Storage,2026-04-25 21:37:47.981137,218,2026-04-25 17:59:47.981137,218.0,True
416,Picking,2026-04-25 21:50:47.981137,13,2026-04-25 21:37:47.981137,13.0,False
416,Packing,2026-04-25 23:57:47.981137,127,2026-04-25 21:50:47.981137,127.0,True
416,Shipping,2026-04-26 00:17:47.981137,20,2026-04-25 23:57:47.981137,20.0,False
417,Receiving,2026-04-25 17:59:47.981137,17,,,False
417,Storage,2026-04-25 18:56:47.981137,57,2026-04-25 17:59:47.981137,57.0,False
417,Picking,2026-04-25 19:09:47.981137,13,2026-04-25 18:56:47.981137,13.0,False
417,Packing,2026-04-25 19:31:47.981137,22,2026-04-25 19:09:47.981137,22.0,False
417,Shipping,2026-04-25 20:53:47.981137,82,2026-04-25 19:31:47.981137,82.0,False
418,Receiving,2026-04-25 19:47:47.981137,125,,,True
418,Storage,2026-04-25 22:35:47.981137,168,2026-04-25 19:47:47.981137,168.0,True
418,Picking,2026-04-25 23:10:47.981137,35,2026-04-25 22:35:47.981137,35.0,False
418,Packing,2026-04-25 23:21:47.981137,11,2026-04-25 23:10:47.981137,11.0,False
418,Shipping,2026-04-25 23:51:47.981137,30,2026-04-25 23:21:47.981137,30.0,False
419,Receiving,2026-04-25 17:56:47.981137,14,,,False
419,Storage,2026-04-25 19:09:47.981137,73,2026-04-25 17:56:47.981137,73.0,False
419,Picking,2026-04-25 19:26:47.981137,17,2026-04-25 19:09:47.981137,17.0,False
419,Packing,2026-04-25 21:38:47.981137,132,2026-04-25 19:26:47.981137,132.0,True
419,Shipping,2026-04-25 22:15:47.981137,37,2026-04-25 21:38:47.981137,37.0,False
420,Receiving,2026-04-25 17:49:47.981137,7,,,False
420,Storage,2026-04-25 19:41:47.981137,112,2026-04-25 17:49:47.981137,112.0,True
420,Picking,2026-04-25 21:27:47.981137,106,2026-04-25 19:41:47.981137,106.0,True
420,Packing,2026-04-25 21:48:47.981137,21,2026-04-25 21:27:47.981137,21.0,False
420,Shipping,2026-04-25 22:32:47.981137,44,2026-04-25 21:48:47.981137,44.0,False
421,Receiving,2026-04-25 17:50:47.981137,8,,,False
421,Storage,2026-04-25 19:42:47.981137,112,2026-04-25 17:50:47.981137,112.0,True
421,Picking,2026-04-25 22:38:47.981137,176,2026-04-25 19:42:47.981137,176.0,True
421,Packing,2026-04-25 22:46:47.981137,8,2026-04-25 22:38:47.981137,8.0,False
421,Shipping,2026-04-26 00:37:47.981137,111,2026-04-25 22:46:47.981137,111.0,True
422,Receiving,2026-04-25 17:55:47.981137,13,,,False
422,Storage,2026-04-25 19:02:47.981137,67,2026-04-25 17:55:47.981137,67.0,False
422,Picking,2026-04-25 19:27:47.981137,25,2026-04-25 19:02:47.981137,25.0,False
422,Packing,2026-04-25 19:54:47.981137,27,2026-04-25 19:27:47.981137,27.0,False
422,Shipping,2026-04-25 20:30:47.981137,36,2026-04-25 19:54:47.981137,36.0,False
423,Receiving,2026-04-25 18:01:47.981137,19,,,False
423,Storage,2026-04-25 19:06:47.981137,65,2026-04-25 18:01:47.981137,65.0,False
423,Picking,2026-04-25 19:29:47.981137,23,2026-04-25 19:06:47.981137,23.0,False
423,Packing,2026-04-25 19:45:47.981137,16,2026-04-25 19:29:47.981137,16.0,False
423,Shipping,2026-04-25 20:06:47.981137,21,2026-04-25 19:45:47.981137,21.0,False
424,Receiving,2026-04-25 17:56:47.981137,14,,,False
424,Storage,2026-04-25 20:48:47.981137,172,2026-04-25 17:56:47.981137,172.0,True
424,Picking,2026-04-25 21:15:47.981137,27,2026-04-25 20:48:47.981137,27.0,False
424,Packing,2026-04-25 21:39:47.981137,24,2026-04-25 21:15:47.981137,24.0,False
424,Shipping,2026-04-25 22:12:47.981137,33,2026-04-25 21:39:47.981137,33.0,False
425,Receiving,2026-04-25 17:49:47.981137,7,,,False
425,Storage,2026-04-25 20:08:47.981137,139,2026-04-25 17:49:47.981137,139.0,True
425,Picking,2026-04-25 21:02:47.981137,54,2026-04-25 20:08:47.981137,54.0,False
425,Packing,2026-04-25 21:29:47.981137,27,2026-04-25 21:02:47.981137,27.0,False
425,Shipping,2026-04-25 21:42:47.981137,13,2026-04-25 21:29:47.981137,13.0,False
426,Receiving,2026-04-25 17:48:47.981137,6,,,False
426,Storage,2026-04-25 20:06:47.981137,138,2026-04-25 17:48:47.981137,138.0,True
426,Picking,2026-04-25 20:19:47.981137,13,2026-04-25 20:06:47.981137,13.0,False
426,Packing,2026-04-25 20:38:47.981137,19,2026-04-25 20:19:47.981137,19.0,False
426,Shipping,2026-04-25 22:00:47.981137,82,2026-04-25 20:38:47.981137,82.0,False
427,Receiving,2026-04-25 17:52:47.981137,10,,,False
427,Storage,2026-04-25 21:18:47.981137,206,2026-04-25 17:52:47.981137,206.0,True
427,Picking,2026-04-25 22:15:47.981137,57,2026-04-25 21:18:47.981137,57.0,False
427,Packing,2026-04-25 23:57:47.981137,102,2026-04-25 22:15:47.981137,102.0,True
427,Shipping,2026-04-26 00:23:47.981137,26,2026-04-25 23:57:47.981137,26.0,False
428,Receiving,2026-04-25 17:57:47.981137,15,,,False
428,Storage,2026-04-25 20:03:47.981137,126,2026-04-25 17:57:47.981137,126.0,True
428,Picking,2026-04-25 20:54:47.981137,51,2026-04-25 20:03:47.981137,51.0,False
428,Packing,2026-04-25 22:03:47.981137,69,2026-04-25 20:54:47.981137,69.0,False
428,Shipping,2026-04-25 22:37:47.981137,34,2026-04-25 22:03:47.981137,34.0,False
429,Receiving,2026-04-25 18:02:47.981137,20,,,False
429,Storage,2026-04-25 19:13:47.981137,71,2026-04-25 18:02:47.981137,71.0,False
429,Picking,2026-04-25 20:33:47.981137,80,2026-04-25 19:13:47.981137,80.0,False
429,Packing,2026-04-25 21:02:47.981137,29,2026-04-25 20:33:47.981137,29.0,False
429,Shipping,2026-04-25 21:31:47.981137,29,2026-04-25 21:02:47.981137,29.0,False
430,Receiving,2026-04-25 18:01:47.981137,19,,,False
430,Storage,2026-04-25 20:22:47.981137,141,2026-04-25 18:01:47.981137,141.0,True
430,Picking,2026-04-25 20:42:47.981137,20,2026-04-25 20:22:47.981137,20.0,False
430,Packing,2026-04-25 20:56:47.981137,14,2026-04-25 20:42:47.981137,14.0,False
430,Shipping,2026-04-25 21:07:47.981137,11,2026-04-25 20:56:47.981137,11.0,False
431,Receiving,2026-04-25 18:02:47.981137,20,,,False
431,Storage,2026-04-25 19:19:47.981137,77,2026-04-25 18:02:47.981137,77.0,False
431,Picking,2026-04-25 20:01:47.981137,42,2026-04-25 19:19:47.981137,42.0,False
431,Packing,2026-04-25 20:23:47.981137,22,2026-04-25 20:01:47.981137,22.0,False
431,Shipping,2026-04-25 20:46:47.981137,23,2026-04-25 20:23:47.981137,23.0,False
432,Receiving,2026-04-25 17:50:47.981137,8,,,False
432,Storage,2026-04-25 19:42:47.981137,112,2026-04-25 17:50:47.981137,112.0,True
432,Picking,2026-04-25 20:42:47.981137,60,2026-04-25 19:42:47.981137,60.0,False
432,Packing,2026-04-25 22:51:47.981137,129,2026-04-25 20:42:47.981137,129.0,True
432,Shipping,2026-04-25 23:30:47.981137,39,2026-04-25 22:51:47.981137,39.0,False
433,Receiving,2026-04-25 19:05:47.981137,83,,,False
433,Storage,2026-04-25 20:34:47.981137,89,2026-04-25 19:05:47.981137,89.0,False
433,Picking,2026-04-25 21:28:47.981137,54,2026-04-25 20:34:47.981137,54.0,False
433,Packing,2026-04-25 21:51:47.981137,23,2026-04-25 21:28:47.981137,23.0,False
433,Shipping,2026-04-25 22:35:47.981137,44,2026-04-25 21:51:47.981137,44.0,False
434,Receiving,2026-04-25 17:50:47.981137,8,,,False
434,Storage,2026-04-25 19:57:47.981137,127,2026-04-25 17:50:47.981137,127.0,True
434,Picking,2026-04-25 20:19:47.981137,22,2026-04-25 19:57:47.981137,22.0,False
434,Packing,2026-04-25 20:44:47.981137,25,2026-04-25 20:19:47.981137,25.0,False
434,Shipping,2026-04-25 22:12:47.981137,88,2026-04-25 20:44:47.981137,88.0,False
435,Receiving,2026-04-25 17:57:47.981137,15,,,False
435,Storage,2026-04-25 20:01:47.981137,124,2026-04-25 17:57:47.981137,124.0,True
435,Picking,2026-04-25 20:36:47.981137,35,2026-04-25 20:01:47.981137,35.0,False
435,Packing,2026-04-25 21:01:47.981137,25,2026-04-25 20:36:47.981137,25.0,False
435,Shipping,2026-04-25 21:31:47.981137,30,2026-04-25 21:01:47.981137,30.0,False
436,Receiving,2026-04-25 18:00:47.981137,18,,,False
436,Storage,2026-04-25 20:12:47.981137,132,2026-04-25 18:00:47.981137,132.0,True
436,Picking,2026-04-25 20:22:47.981137,10,2026-04-25 20:12:47.981137,10.0,False
436,Packing,2026-04-25 20:41:47.981137,19,2026-04-25 20:22:47.981137,19.0,False
436,Shipping,2026-04-25 20:51:47.981137,10,2026-04-25 20:41:47.981137,10.0,False
437,Receiving,2026-04-25 18:31:47.981137,49,,,False
437,Storage,2026-04-25 19:45:47.981137,74,2026-04-25 18:31:47.981137,74.0,False
437,Picking,2026-04-25 20:05:47.981137,20,2026-04-25 19:45:47.981137,20.0,False
437,Packing,2026-04-25 20:33:47.981137,28,2026-04-25 20:05:47.981137,28.0,False
437,Shipping,2026-04-25 20:47:47.981137,14,2026-04-25 20:33:47.981137,14.0,False
438,Receiving,2026-04-25 17:55:47.981137,13,,,False
438,Storage,2026-04-25 19:55:47.981137,120,2026-04-25 17:55:47.981137,120.0,True
438,Picking,2026-04-25 21:05:47.981137,70,2026-04-25 19:55:47.981137,70.0,False
438,Packing,2026-04-25 21:10:47.981137,5,2026-04-25 21:05:47.981137,5.0,False
438,Shipping,2026-04-25 21:44:47.981137,34,2026-04-25 21:10:47.981137,34.0,False
439,Receiving,2026-04-25 17:52:47.981137,10,,,False
439,Storage,2026-04-25 18:22:47.981137,30,2026-04-25 17:52:47.981137,30.0,False
439,Picking,2026-04-25 18:57:47.981137,35,2026-04-25 18:22:47.981137,35.0,False
439,Packing,2026-04-25 19:04:47.981137,7,2026-04-25 18:57:47.981137,7.0,False
439,Shipping,2026-04-25 19:40:47.981137,36,2026-04-25 19:04:47.981137,36.0,False
440,Receiving,2026-04-25 17:59:47.981137,17,,,False
440,Storage,2026-04-25 18:53:47.981137,54,2026-04-25 17:59:47.981137,54.0,False
440,Picking,2026-04-25 19:27:47.981137,34,2026-04-25 18:53:47.981137,34.0,False
440,Packing,2026-04-25 19:43:47.981137,16,2026-04-25 19:27:47.981137,16.0,False
440,Shipping,2026-04-25 21:40:47.981137,117,2026-04-25 19:43:47.981137,117.0,True
441,Receiving,2026-04-25 17:50:47.981137,8,,,False
441,Storage,2026-04-25 19:19:47.981137,89,2026-04-25 17:50:47.981137,89.0,False
441,Picking,2026-04-25 20:11:47.981137,52,2026-04-25 19:19:47.981137,52.0,False
441,Packing,2026-04-25 20:26:47.981137,15,2026-04-25 20:11:47.981137,15.0,False
441,Shipping,2026-04-25 20:49:47.981137,23,2026-04-25 20:26:47.981137,23.0,False
442,Receiving,2026-04-25 19:13:47.981137,91,,,True
442,Storage,2026-04-25 19:44:47.981137,31,2026-04-25 19:13:47.981137,31.0,False
442,Picking,2026-04-25 20:37:47.981137,53,2026-04-25 19:44:47.981137,53.0,False
442,Packing,2026-04-25 22:03:47.981137,86,2026-04-25 20:37:47.981137,86.0,False
442,Shipping,2026-04-25 22:25:47.981137,22,2026-04-25 22:03:47.981137,22.0,False
443,Receiving,2026-04-25 17:59:47.981137,17,,,False
443,Storage,2026-04-25 18:55:47.981137,56,2026-04-25 17:59:47.981137,56.0,False
443,Picking,2026-04-25 21:09:47.981137,134,2026-04-25 18:55:47.981137,134.0,True
443,Packing,2026-04-25 21:17:47.981137,8,2026-04-25 21:09:47.981137,8.0,False
443,Shipping,2026-04-25 22:01:47.981137,44,2026-04-25 21:17:47.981137,44.0,False
444,Receiving,2026-04-25 17:51:47.981137,9,,,False
444,Storage,2026-04-25 18:28:47.981137,37,2026-04-25 17:51:47.981137,37.0,False
444,Picking,2026-04-25 18:48:47.981137,20,2026-04-25 18:28:47.981137,20.0,False
444,Packing,2026-04-25 19:01:47.981137,13,2026-04-25 18:48:47.981137,13.0,False
444,Shipping,2026-04-25 19:23:47.981137,22,2026-04-25 19:01:47.981137,22.0,False
445,Receiving,2026-04-25 17:59:47.981137,17,,,False
445,Storage,2026-04-25 20:27:47.981137,148,2026-04-25 17:59:47.981137,148.0,True
445,Picking,2026-04-25 21:04:47.981137,37,2026-04-25 20:27:47.981137,37.0,False
445,Packing,2026-04-25 21:22:47.981137,18,2026-04-25 21:04:47.981137,18.0,False
445,Shipping,2026-04-25 21:49:47.981137,27,2026-04-25 21:22:47.981137,27.0,False
446,Receiving,2026-04-25 17:54:47.981137,12,,,False
446,Storage,2026-04-25 20:53:47.981137,179,2026-04-25 17:54:47.981137,179.0,True
446,Picking,2026-04-25 21:17:47.981137,24,2026-04-25 20:53:47.981137,24.0,False
446,Packing,2026-04-25 21:35:47.981137,18,2026-04-25 21:17:47.981137,18.0,False
446,Shipping,2026-04-25 22:48:47.981137,73,2026-04-25 21:35:47.981137,73.0,False
447,Receiving,2026-04-25 17:58:47.981137,16,,,False
447,Storage,2026-04-25 20:38:47.981137,160,2026-04-25 17:58:47.981137,160.0,True
447,Picking,2026-04-25 21:16:47.981137,38,2026-04-25 20:38:47.981137,38.0,False
447,Packing,2026-04-25 22:51:47.981137,95,2026-04-25 21:16:47.981137,95.0,True
447,Shipping,2026-04-25 23:11:47.981137,20,2026-04-25 22:51:47.981137,20.0,False
448,Receiving,2026-04-25 18:02:47.981137,20,,,False
448,Storage,2026-04-25 20:42:47.981137,160,2026-04-25 18:02:47.981137,160.0,True
448,Picking,2026-04-25 21:36:47.981137,54,2026-04-25 20:42:47.981137,54.0,False
448,Packing,2026-04-25 22:59:47.981137,83,2026-04-25 21:36:47.981137,83.0,False
448,Shipping,2026-04-25 23:28:47.981137,29,2026-04-25 22:59:47.981137,29.0,False
449,Receiving,2026-04-25 17:59:47.981137,17,,,False
449,Storage,2026-04-25 19:00:47.981137,61,2026-04-25 17:59:47.981137,61.0,False
449,Picking,2026-04-25 21:04:47.981137,124,2026-04-25 19:00:47.981137,124.0,True
449,Packing,2026-04-25 21:24:47.981137,20,2026-04-25 21:04:47.981137,20.0,False
449,Shipping,2026-04-25 23:07:47.981137,103,2026-04-25 21:24:47.981137,103.0,True
450,Receiving,2026-04-25 17:58:47.981137,16,,,False
450,Storage,2026-04-25 20:01:47.981137,123,2026-04-25 17:58:47.981137,123.0,True
450,Picking,2026-04-25 20:26:47.981137,25,2026-04-25 20:01:47.981137,25.0,False
450,Packing,2026-04-25 20:48:47.981137,22,2026-04-25 20:26:47.981137,22.0,False
450,Shipping,2026-04-25 21:13:47.981137,25,2026-04-25 20:48:47.981137,25.0,False
451,Receiving,2026-04-25 17:49:47.981137,7,,,False
451,Storage,2026-04-25 20:07:47.981137,138,2026-04-25 17:49:47.981137,138.0,True
451,Picking,2026-04-25 20:44:47.981137,37,2026-04-25 20:07:47.981137,37.0,False
451,Packing,2026-04-25 21:14:47.981137,30,2026-04-25 20:44:47.981137,30.0,False
451,Shipping,2026-04-25 21:45:47.981137,31,2026-04-25 21:14:47.981137,31.0,False
452,Receiving,2026-04-25 17:57:47.981137,15,,,False
452,Storage,2026-04-25 18:59:47.981137,62,2026-04-25 17:57:47.981137,62.0,False
452,Picking,2026-04-25 19:46:47.981137,47,2026-04-25 18:59:47.981137,47.0,False
452,Packing,2026-04-25 20:08:47.981137,22,2026-04-25 19:46:47.981137,22.0,False
452,Shipping,2026-04-25 20:41:47.981137,33,2026-04-25 20:08:47.981137,33.0,False
453,Receiving,2026-04-25 17:52:47.981137,10,,,False
453,Storage,2026-04-25 19:49:47.981137,117,2026-04-25 17:52:47.981137,117.0,True
453,Picking,2026-04-25 20:33:47.981137,44,2026-04-25 19:49:47.981137,44.0,False
453,Packing,2026-04-25 21:31:47.981137,58,2026-04-25 20:33:47.981137,58.0,False
453,Shipping,2026-04-25 22:14:47.981137,43,2026-04-25 21:31:47.981137,43.0,False
454,Receiving,2026-04-25 17:49:47.981137,7,,,False
454,Storage,2026-04-25 18:54:47.981137,65,2026-04-25 17:49:47.981137,65.0,False
454,Picking,2026-04-25 19:32:47.981137,38,2026-04-25 18:54:47.981137,38.0,False
454,Packing,2026-04-25 19:40:47.981137,8,2026-04-25 19:32:47.981137,8.0,False
454,Shipping,2026-04-25 20:04:47.981137,24,2026-04-25 19:40:47.981137,24.0,False
455,Receiving,2026-04-25 17:47:47.981137,5,,,False
455,Storage,2026-04-25 18:42:47.981137,55,2026-04-25 17:47:47.981137,55.0,False
455,Picking,2026-04-25 19:31:47.981137,49,2026-04-25 18:42:47.981137,49.0,False
455,Packing,2026-04-25 19:49:47.981137,18,2026-04-25 19:31:47.981137,18.0,False
455,Shipping,2026-04-25 19:59:47.981137,10,2026-04-25 19:49:47.981137,10.0,False
456,Receiving,2026-04-25 18:00:47.981137,18,,,False
456,Storage,2026-04-25 20:51:47.981137,171,2026-04-25 18:00:47.981137,171.0,True
456,Picking,2026-04-25 22:37:47.981137,106,2026-04-25 20:51:47.981137,106.0,True
456,Packing,2026-04-25 22:53:47.981137,16,2026-04-25 22:37:47.981137,16.0,False
456,Shipping,2026-04-25 23:04:47.981137,11,2026-04-25 22:53:47.981137,11.0,False
457,Receiving,2026-04-25 17:49:47.981137,7,,,False
457,Storage,2026-04-25 18:27:47.981137,38,2026-04-25 17:49:47.981137,38.0,False
457,Picking,2026-04-25 18:59:47.981137,32,2026-04-25 18:27:47.981137,32.0,False
457,Packing,2026-04-25 19:24:47.981137,25,2026-04-25 18:59:47.981137,25.0,False
457,Shipping,2026-04-25 19:40:47.981137,16,2026-04-25 19:24:47.981137,16.0,False
458,Receiving,2026-04-25 17:56:47.981137,14,,,False
458,Storage,2026-04-25 19:55:47.981137,119,2026-04-25 17:56:47.981137,119.0,True
458,Picking,2026-04-25 20:50:47.981137,55,2026-04-25 19:55:47.981137,55.0,False
458,Packing,2026-04-25 20:55:47.981137,5,2026-04-25 20:50:47.981137,5.0,False
458,Shipping,2026-04-25 21:06:47.981137,11,2026-04-25 20:55:47.981137,11.0,False
459,Receiving,2026-04-25 18:02:47.981137,20,,,False
459,Storage,2026-04-25 18:36:47.981137,34,2026-04-25 18:02:47.981137,34.0,False
459,Picking,2026-04-25 20:51:47.981137,135,2026-04-25 18:36:47.981137,135.0,True
459,Packing,2026-04-25 21:08:47.981137,17,2026-04-25 20:51:47.981137,17.0,False
459,Shipping,2026-04-25 21:50:47.981137,42,2026-04-25 21:08:47.981137,42.0,False
460,Receiving,2026-04-25 17:55:47.981137,13,,,False
460,Storage,2026-04-25 20:08:47.981137,133,2026-04-25 17:55:47.981137,133.0,True
460,Picking,2026-04-25 20:34:47.981137,26,2026-04-25 20:08:47.981137,26.0,False
460,Packing,2026-04-25 21:01:47.981137,27,2026-04-25 20:34:47.981137,27.0,False
460,Shipping,2026-04-25 21:15:47.981137,14,2026-04-25 21:01:47.981137,14.0,False
461,Receiving,2026-04-25 17:51:47.981137,9,,,False
461,Storage,2026-04-25 19:55:47.981137,124,2026-04-25 17:51:47.981137,124.0,True
461,Picking,2026-04-25 20:31:47.981137,36,2026-04-25 19:55:47.981137,36.0,False
461,Packing,2026-04-25 20:58:47.981137,27,2026-04-25 20:31:47.981137,27.0,False
461,Shipping,2026-04-25 21:31:47.981137,33,2026-04-25 20:58:47.981137,33.0,False
462,Receiving,2026-04-25 18:37:47.981137,55,,,False
462,Storage,2026-04-25 20:41:47.981137,124,2026-04-25 18:37:47.981137,124.0,True
462,Picking,2026-04-25 23:09:47.981137,148,2026-04-25 20:41:47.981137,148.0,True
462,Packing,2026-04-25 23:26:47.981137,17,2026-04-25 23:09:47.981137,17.0,False
462,Shipping,2026-04-25 23:46:47.981137,20,2026-04-25 23:26:47.981137,20.0,False
463,Receiving,2026-04-25 19:22:47.981137,100,,,True
463,Storage,2026-04-25 20:34:47.981137,72,2026-04-25 19:22:47.981137,72.0,False
463,Picking,2026-04-25 20:56:47.981137,22,2026-04-25 20:34:47.981137,22.0,False
463,Packing,2026-04-25 21:11:47.981137,15,2026-04-25 20:56:47.981137,15.0,False
463,Shipping,2026-04-25 21:41:47.981137,30,2026-04-25 21:11:47.981137,30.0,False
464,Receiving,2026-04-25 18:23:47.981137,41,,,False
464,Storage,2026-04-25 20:33:47.981137,130,2026-04-25 18:23:47.981137,130.0,True
464,Picking,2026-04-25 21:16:47.981137,43,2026-04-25 20:33:47.981137,43.0,False
464,Packing,2026-04-25 21:21:47.981137,5,2026-04-25 21:16:47.981137,5.0,False
464,Shipping,2026-04-25 22:05:47.981137,44,2026-04-25 21:21:47.981137,44.0,False
465,Receiving,2026-04-25 17:47:47.981137,5,,,False
465,Storage,2026-04-25 18:24:47.981137,37,2026-04-25 17:47:47.981137,37.0,False
465,Picking,2026-04-25 21:05:47.981137,161,2026-04-25 18:24:47.981137,161.0,True
465,Packing,2026-04-25 23:10:47.981137,125,2026-04-25 21:05:47.981137,125.0,True
465,Shipping,2026-04-25 23:29:47.981137,19,2026-04-25 23:10:47.981137,19.0,False
466,Receiving,2026-04-25 18:02:47.981137,20,,,False
466,Storage,2026-04-25 19:05:47.981137,63,2026-04-25 18:02:47.981137,63.0,False
466,Picking,2026-04-25 20:03:47.981137,58,2026-04-25 19:05:47.981137,58.0,False
466,Packing,2026-04-25 20:22:47.981137,19,2026-04-25 20:03:47.981137,19.0,False
466,Shipping,2026-04-25 20:46:47.981137,24,2026-04-25 20:22:47.981137,24.0,False
467,Receiving,2026-04-25 18:02:47.981137,20,,,False
467,Storage,2026-04-25 19:06:47.981137,64,2026-04-25 18:02:47.981137,64.0,False
467,Picking,2026-04-25 19:49:47.981137,43,2026-04-25 19:06:47.981137,43.0,False
467,Packing,2026-04-25 20:00:47.981137,11,2026-04-25 19:49:47.981137,11.0,False
467,Shipping,2026-04-25 20:17:47.981137,17,2026-04-25 20:00:47.981137,17.0,False
468,Receiving,2026-04-25 17:56:47.981137,14,,,False
468,Storage,2026-04-25 21:02:47.981137,186,2026-04-25 17:56:47.981137,186.0,True
468,Picking,2026-04-25 21:51:47.981137,49,2026-04-25 21:02:47.981137,49.0,False
468,Packing,2026-04-25 22:00:47.981137,9,2026-04-25 21:51:47.981137,9.0,False
468,Shipping,2026-04-25 23:54:47.981137,114,2026-04-25 22:00:47.981137,114.0,True
469,Receiving,2026-04-25 17:49:47.981137,7,,,False
469,Storage,2026-04-25 20:06:47.981137,137,2026-04-25 17:49:47.981137,137.0,True
469,Picking,2026-04-25 21:43:47.981137,97,2026-04-25 20:06:47.981137,97.0,True
469,Packing,2026-04-25 21:51:47.981137,8,2026-04-25 21:43:47.981137,8.0,False
469,Shipping,2026-04-25 22:08:47.981137,17,2026-04-25 21:51:47.981137,17.0,False
470,Receiving,2026-04-25 17:53:47.981137,11,,,False
470,Storage,2026-04-25 20:14:47.981137,141,2026-04-25 17:53:47.981137,141.0,True
470,Picking,2026-04-25 20:44:47.981137,30,2026-04-25 20:14:47.981137,30.0,False
470,Packing,2026-04-25 20:53:47.981137,9,2026-04-25 20:44:47.981137,9.0,False
470,Shipping,2026-04-25 21:22:47.981137,29,2026-04-25 20:53:47.981137,29.0,False
471,Receiving,2026-04-25 17:47:47.981137,5,,,False
471,Storage,2026-04-25 18:26:47.981137,39,2026-04-25 17:47:47.981137,39.0,False
471,Picking,2026-04-25 19:03:47.981137,37,2026-04-25 18:26:47.981137,37.0,False
471,Packing,2026-04-25 19:11:47.981137,8,2026-04-25 19:03:47.981137,8.0,False
471,Shipping,2026-04-25 19:42:47.981137,31,2026-04-25 19:11:47.981137,31.0,False
472,Receiving,2026-04-25 18:57:47.981137,75,,,False
472,Storage,2026-04-25 21:01:47.981137,124,2026-04-25 18:57:47.981137,124.0,True
472,Picking,2026-04-25 21:53:47.981137,52,2026-04-25 21:01:47.981137,52.0,False
472,Packing,2026-04-25 22:19:47.981137,26,2026-04-25 21:53:47.981137,26.0,False
472,Shipping,2026-04-25 22:50:47.981137,31,2026-04-25 22:19:47.981137,31.0,False
473,Receiving,2026-04-25 17:58:47.981137,16,,,False
473,Storage,2026-04-25 20:29:47.981137,151,2026-04-25 17:58:47.981137,151.0,True
473,Picking,2026-04-25 21:13:47.981137,44,2026-04-25 20:29:47.981137,44.0,False
473,Packing,2026-04-25 21:36:47.981137,23,2026-04-25 21:13:47.981137,23.0,False
473,Shipping,2026-04-25 22:19:47.981137,43,2026-04-25 21:36:47.981137,43.0,False
474,Receiving,2026-04-25 17:56:47.981137,14,,,False
474,Storage,2026-04-25 18:37:47.981137,41,2026-04-25 17:56:47.981137,41.0,False
474,Picking,2026-04-25 18:57:47.981137,20,2026-04-25 18:37:47.981137,20.0,False
474,Packing,2026-04-25 19:12:47.981137,15,2026-04-25 18:57:47.981137,15.0,False
474,Shipping,2026-04-25 19:48:47.981137,36,2026-04-25 19:12:47.981137,36.0,False
475,Receiving,2026-04-25 17:54:47.981137,12,,,False
475,Storage,2026-04-25 19:47:47.981137,113,2026-04-25 17:54:47.981137,113.0,True
475,Picking,2026-04-25 20:45:47.981137,58,2026-04-25 19:47:47.981137,58.0,False
475,Packing,2026-04-25 21:06:47.981137,21,2026-04-25 20:45:47.981137,21.0,False
475,Shipping,2026-04-25 22:46:47.981137,100,2026-04-25 21:06:47.981137,100.0,True
476,Receiving,2026-04-25 17:56:47.981137,14,,,False
476,Storage,2026-04-25 20:16:47.981137,140,2026-04-25 17:56:47.981137,140.0,True
476,Picking,2026-04-25 22:14:47.981137,118,2026-04-25 20:16:47.981137,118.0,True
476,Packing,2026-04-25 22:38:47.981137,24,2026-04-25 22:14:47.981137,24.0,False
476,Shipping,2026-04-25 23:23:47.981137,45,2026-04-25 22:38:47.981137,45.0,False
477,Receiving,2026-04-25 18:02:47.981137,20,,,False
477,Storage,2026-04-25 20:21:47.981137,139,2026-04-25 18:02:47.981137,139.0,True
477,Picking,2026-04-25 21:20:47.981137,59,2026-04-25 20:21:47.981137,59.0,False
477,Packing,2026-04-25 21:41:47.981137,21,2026-04-25 21:20:47.981137,21.0,False
477,Shipping,2026-04-25 22:10:47.981137,29,2026-04-25 21:41:47.981137,29.0,False
478,Receiving,2026-04-25 18:01:47.981137,19,,,False
478,Storage,2026-04-25 20:16:47.981137,135,2026-04-25 18:01:47.981137,135.0,True
478,Picking,2026-04-25 22:04:47.981137,108,2026-04-25 20:16:47.981137,108.0,True
478,Packing,2026-04-25 22:13:47.981137,9,2026-04-25 22:04:47.981137,9.0,False
478,Shipping,2026-04-25 23:54:47.981137,101,2026-04-25 22:13:47.981137,101.0,True
479,Receiving,2026-04-25 17:49:47.981137,7,,,False
479,Storage,2026-04-25 20:28:47.981137,159,2026-04-25 17:49:47.981137,159.0,True
479,Picking,2026-04-25 20:57:47.981137,29,2026-04-25 20:28:47.981137,29.0,False
479,Packing,2026-04-25 21:25:47.981137,28,2026-04-25 20:57:47.981137,28.0,False
479,Shipping,2026-04-25 21:54:47.981137,29,2026-04-25 21:25:47.981137,29.0,False
480,Receiving,2026-04-25 17:47:47.981137,5,,,False
480,Storage,2026-04-25 19:34:47.981137,107,2026-04-25 17:47:47.981137,107.0,True
480,Picking,2026-04-25 21:42:47.981137,128,2026-04-25 19:34:47.981137,128.0,True
480,Packing,2026-04-25 22:08:47.981137,26,2026-04-25 21:42:47.981137,26.0,False
480,Shipping,2026-04-25 22:24:47.981137,16,2026-04-25 22:08:47.981137,16.0,False
481,Receiving,2026-04-25 18:02:47.981137,20,,,False
481,Storage,2026-04-25 22:16:47.981137,254,2026-04-25 18:02:47.981137,254.0,True
481,Picking,2026-04-25 22:37:47.981137,21,2026-04-25 22:16:47.981137,21.0,False
481,Packing,2026-04-25 23:04:47.981137,27,2026-04-25 22:37:47.981137,27.0,False
481,Shipping,2026-04-25 23:28:47.981137,24,2026-04-25 23:04:47.981137,24.0,False
482,Receiving,2026-04-25 17:47:47.981137,5,,,False
482,Storage,2026-04-25 20:12:47.981137,145,2026-04-25 17:47:47.981137,145.0,True
482,Picking,2026-04-25 20:47:47.981137,35,2026-04-25 20:12:47.981137,35.0,False
482,Packing,2026-04-25 20:58:47.981137,11,2026-04-25 20:47:47.981137,11.0,False
482,Shipping,2026-04-25 21:15:47.981137,17,2026-04-25 20:58:47.981137,17.0,False
483,Receiving,2026-04-25 19:17:47.981137,95,,,True
483,Storage,2026-04-25 21:53:47.981137,156,2026-04-25 19:17:47.981137,156.0,True
483,Picking,2026-04-25 22:27:47.981137,34,2026-04-25 21:53:47.981137,34.0,False
483,Packing,2026-04-25 22:38:47.981137,11,2026-04-25 22:27:47.981137,11.0,False
483,Shipping,2026-04-25 23:12:47.981137,34,2026-04-25 22:38:47.981137,34.0,False
484,Receiving,2026-04-25 17:59:47.981137,17,,,False
484,Storage,2026-04-25 19:41:47.981137,102,2026-04-25 17:59:47.981137,102.0,True
484,Picking,2026-04-25 20:05:47.981137,24,2026-04-25 19:41:47.981137,24.0,False
484,Packing,2026-04-25 20:29:47.981137,24,2026-04-25 20:05:47.981137,24.0,False
484,Shipping,2026-04-25 20:47:47.981137,18,2026-04-25 20:29:47.981137,18.0,False
485,Receiving,2026-04-25 17:57:47.981137,15,,,False
485,Storage,2026-04-25 19:40:47.981137,103,2026-04-25 17:57:47.981137,103.0,True
485,Picking,2026-04-25 20:09:47.981137,29,2026-04-25 19:40:47.981137,29.0,False
485,Packing,2026-04-25 20:19:47.981137,10,2026-04-25 20:09:47.981137,10.0,False
485,Shipping,2026-04-25 22:15:47.981137,116,2026-04-25 20:19:47.981137,116.0,True
486,Receiving,2026-04-25 17:51:47.981137,9,,,False
486,Storage,2026-04-25 20:05:47.981137,134,2026-04-25 17:51:47.981137,134.0,True
486,Picking,2026-04-25 20:32:47.981137,27,2026-04-25 20:05:47.981137,27.0,False
486,Packing,2026-04-25 21:02:47.981137,30,2026-04-25 20:32:47.981137,30.0,False
486,Shipping,2026-04-25 21:13:47.981137,11,2026-04-25 21:02:47.981137,11.0,False
487,Receiving,2026-04-25 17:51:47.981137,9,,,False
487,Storage,2026-04-25 19:01:47.981137,70,2026-04-25 17:51:47.981137,70.0,False
487,Picking,2026-04-25 19:54:47.981137,53,2026-04-25 19:01:47.981137,53.0,False
487,Packing,2026-04-25 20:03:47.981137,9,2026-04-25 19:54:47.981137,9.0,False
487,Shipping,2026-04-25 20:27:47.981137,24,2026-04-25 20:03:47.981137,24.0,False
488,Receiving,2026-04-25 17:59:47.981137,17,,,False
488,Storage,2026-04-25 19:39:47.981137,100,2026-04-25 17:59:47.981137,100.0,True
488,Picking,2026-04-25 20:49:47.981137,70,2026-04-25 19:39:47.981137,70.0,False
488,Packing,2026-04-25 21:18:47.981137,29,2026-04-25 20:49:47.981137,29.0,False
488,Shipping,2026-04-25 21:48:47.981137,30,2026-04-25 21:18:47.981137,30.0,False
489,Receiving,2026-04-25 18:00:47.981137,18,,,False
489,Storage,2026-04-25 20:39:47.981137,159,2026-04-25 18:00:47.981137,159.0,True
489,Picking,2026-04-25 21:00:47.981137,21,2026-04-25 20:39:47.981137,21.0,False
489,Packing,2026-04-25 21:26:47.981137,26,2026-04-25 21:00:47.981137,26.0,False
489,Shipping,2026-04-25 21:51:47.981137,25,2026-04-25 21:26:47.981137,25.0,False
490,Receiving,2026-04-25 19:15:47.981137,93,,,True
490,Storage,2026-04-25 21:19:47.981137,124,2026-04-25 19:15:47.981137,124.0,True
490,Picking,2026-04-25 22:29:47.981137,70,2026-04-25 21:19:47.981137,70.0,False
490,Packing,2026-04-25 22:49:47.981137,20,2026-04-25 22:29:47.981137,20.0,False
490,Shipping,2026-04-25 23:31:47.981137,42,2026-04-25 22:49:47.981137,42.0,False
491,Receiving,2026-04-25 17:51:47.981137,9,,,False
491,Storage,2026-04-25 19:54:47.981137,123,2026-04-25 17:51:47.981137,123.0,True
491,Picking,2026-04-25 20:23:47.981137,29,2026-04-25 19:54:47.981137,29.0,False
491,Packing,2026-04-25 20:47:47.981137,24,2026-04-25 20:23:47.981137,24.0,False
491,Shipping,2026-04-25 21:05:47.981137,18,2026-04-25 20:47:47.981137,18.0,False
492,Receiving,2026-04-25 17:47:47.981137,5,,,False
492,Storage,2026-04-25 19:20:47.981137,93,2026-04-25 17:47:47.981137,93.0,True
492,Picking,2026-04-25 20:04:47.981137,44,2026-04-25 19:20:47.981137,44.0,False
492,Packing,2026-04-25 21:07:47.981137,63,2026-04-25 20:04:47.981137,63.0,False
492,Shipping,2026-04-25 21:17:47.981137,10,2026-04-25 21:07:47.981137,10.0,False
493,Receiving,2026-04-25 17:59:47.981137,17,,,False
493,Storage,2026-04-25 19:03:47.981137,64,2026-04-25 17:59:47.981137,64.0,False
493,Picking,2026-04-25 19:21:47.981137,18,2026-04-25 19:03:47.981137,18.0,False
493,Packing,2026-04-25 19:43:47.981137,22,2026-04-25 19:21:47.981137,22.0,False
493,Shipping,2026-04-25 20:26:47.981137,43,2026-04-25 19:43:47.981137,43.0,False
494,Receiving,2026-04-25 17:56:47.981137,14,,,False
494,Storage,2026-04-25 20:19:47.981137,143,2026-04-25 17:56:47.981137,143.0,True
494,Picking,2026-04-25 21:13:47.981137,54,2026-04-25 20:19:47.981137,54.0,False
494,Packing,2026-04-25 21:42:47.981137,29,2026-04-25 21:13:47.981137,29.0,False
494,Shipping,2026-04-25 22:07:47.981137,25,2026-04-25 21:42:47.981137,25.0,False
495,Receiving,2026-04-25 17:48:47.981137,6,,,False
495,Storage,2026-04-25 19:29:47.981137,101,2026-04-25 17:48:47.981137,101.0,True
495,Picking,2026-04-25 20:16:47.981137,47,2026-04-25 19:29:47.981137,47.0,False
495,Packing,2026-04-25 20:32:47.981137,16,2026-04-25 20:16:47.981137,16.0,False
495,Shipping,2026-04-25 20:42:47.981137,10,2026-04-25 20:32:47.981137,10.0,False
496,Receiving,2026-04-25 17:55:47.981137,13,,,False
496,Storage,2026-04-25 19:36:47.981137,101,2026-04-25 17:55:47.981137,101.0,True
496,Picking,2026-04-25 20:09:47.981137,33,2026-04-25 19:36:47.981137,33.0,False
496,Packing,2026-04-25 22:08:47.981137,119,2026-04-25 20:09:47.981137,119.0,True
496,Shipping,2026-04-25 22:30:47.981137,22,2026-04-25 22:08:47.981137,22.0,False
497,Receiving,2026-04-25 19:10:47.981137,88,,,False
497,Storage,2026-04-25 21:22:47.981137,132,2026-04-25 19:10:47.981137,132.0,True
497,Picking,2026-04-25 23:28:47.981137,126,2026-04-25 21:22:47.981137,126.0,True
497,Packing,2026-04-25 23:41:47.981137,13,2026-04-25 23:28:47.981137,13.0,False
497,Shipping,2026-04-26 00:50:47.981137,69,2026-04-25 23:41:47.981137,69.0,False
498,Receiving,2026-04-25 17:47:47.981137,5,,,False
498,Storage,2026-04-25 19:50:47.981137,123,2026-04-25 17:47:47.981137,123.0,True
498,Picking,2026-04-25 20:50:47.981137,60,2026-04-25 19:50:47.981137,60.0,False
498,Packing,2026-04-25 21:05:47.981137,15,2026-04-25 20:50:47.981137,15.0,False
498,Shipping,2026-04-25 21:44:47.981137,39,2026-04-25 21:05:47.981137,39.0,False
499,Receiving,2026-04-25 19:23:47.981137,101,,,True
499,Storage,2026-04-25 20:47:47.981137,84,2026-04-25 19:23:47.981137,84.0,False
499,Picking,2026-04-25 21:39:47.981137,52,2026-04-25 20:47:47.981137,52.0,False
499,Packing,2026-04-25 22:08:47.981137,29,2026-04-25 21:39:47.981137,29.0,False
499,Shipping,2026-04-25 22:43:47.981137,35,2026-04-25 22:08:47.981137,35.0,False
500,Receiving,2026-04-25 17:52:47.981137,10,,,False
500,Storage,2026-04-25 18:54:47.981137,62,2026-04-25 17:52:47.981137,62.0,False
500,Picking,2026-04-25 19:15:47.981137,21,2026-04-25 18:54:47.981137,21.0,False
500,Packing,2026-04-25 19:37:47.981137,22,2026-04-25 19:15:47.981137,22.0,False
500,Shipping,2026-04-25 20:15:47.981137,38,2026-04-25 19:37:47.981137,38.0,False
